"","Time","Scenario","0_5","5_10","10_15","15_20","20_25","25_30","30_35","35_40","40_45","45_50","50_55","55_60","60_65","65_70","70-75","75+"
"1",1,"Unmitigated",0,0,0,0,0,0,0,0,0,0,0,0,0,0,0,0
"2",2,"Unmitigated",0,0,0,1,0,0,0,0,0,1,0,0,1,0,0,0
"3",3,"Unmitigated",1,2,0,0,0,0,1,1,0,0,1,0,0,0,0,0
"4",4,"Unmitigated",0,0,1,2,0,0,1,0,2,0,0,0,0,0,1,0
"5",5,"Unmitigated",0,2,2,1,1,1,0,1,1,0,0,0,0,0,1,0
"6",6,"Unmitigated",0,2,2,1,0,0,0,2,2,0,0,0,0,0,0,0
"7",7,"Unmitigated",1,4,2,2,0,2,2,1,1,0,1,0,1,0,0,0
"8",8,"Unmitigated",2,5,4,3,2,2,2,0,0,0,1,2,1,0,1,0
"9",9,"Unmitigated",0,2,5,4,3,0,0,3,0,3,2,0,1,0,0,0
"10",10,"Unmitigated",1,1,5,1,5,2,3,0,0,0,0,0,2,0,0,0
"11",11,"Unmitigated",2,2,8,4,3,1,4,3,0,0,1,1,2,1,1,0
"12",12,"Unmitigated",5,3,5,4,7,7,3,2,4,3,0,4,0,0,0,0
"13",13,"Unmitigated",3,7,8,10,1,2,4,4,1,3,0,1,0,0,1,0
"14",14,"Unmitigated",6,8,14,15,7,3,4,3,3,1,1,4,0,1,2,2
"15",15,"Unmitigated",6,16,10,10,2,4,8,6,6,2,4,1,2,0,0,0
"16",16,"Unmitigated",10,13,9,12,7,12,5,1,6,2,7,1,5,1,1,0
"17",17,"Unmitigated",16,16,21,21,13,10,6,8,6,4,6,0,8,1,1,2
"18",18,"Unmitigated",16,24,33,17,10,11,12,12,9,2,5,3,1,1,0,1
"19",19,"Unmitigated",15,17,31,20,11,7,13,16,7,6,4,5,10,2,2,2
"20",20,"Unmitigated",19,24,36,22,25,7,13,14,8,7,2,5,4,5,1,0
"21",21,"Unmitigated",23,37,42,35,31,17,15,15,19,7,4,8,3,9,3,1
"22",22,"Unmitigated",29,40,58,47,24,22,14,20,14,8,9,7,7,6,3,4
"23",23,"Unmitigated",35,46,71,48,36,36,28,29,20,11,16,9,5,7,6,1
"24",24,"Unmitigated",61,60,66,67,44,40,37,28,30,22,10,13,10,9,10,3
"25",25,"Unmitigated",48,74,93,91,57,46,49,43,28,23,8,18,13,13,10,2
"26",26,"Unmitigated",78,88,130,114,64,58,42,34,46,19,24,17,13,15,11,9
"27",27,"Unmitigated",88,115,168,119,90,64,66,46,46,28,17,21,24,18,13,8
"28",28,"Unmitigated",108,131,193,155,100,84,71,72,56,54,33,22,27,17,10,11
"29",29,"Unmitigated",115,186,222,172,130,102,97,81,72,56,31,41,36,15,19,11
"30",30,"Unmitigated",160,246,265,216,161,108,98,107,91,45,47,35,36,26,13,16
"31",31,"Unmitigated",162,275,341,274,172,151,144,152,94,74,61,41,40,23,22,27
"32",32,"Unmitigated",257,332,409,328,212,175,142,152,120,77,67,54,48,29,33,16
"33",33,"Unmitigated",285,407,499,439,254,205,212,202,150,105,68,74,65,36,35,16
"34",34,"Unmitigated",338,502,581,474,356,252,234,215,174,138,98,77,74,51,61,27
"35",35,"Unmitigated",435,626,777,576,371,288,318,308,191,127,96,104,84,67,50,36
"36",36,"Unmitigated",547,754,947,730,478,360,368,384,272,184,143,146,109,90,81,38
"37",37,"Unmitigated",562,961,1018,911,606,463,464,393,330,227,170,166,118,104,82,65
"38",38,"Unmitigated",730,1117,1370,1072,703,563,558,478,408,242,235,182,151,144,102,80
"39",39,"Unmitigated",927,1393,1655,1304,931,675,697,654,490,331,250,207,196,143,107,88
"40",40,"Unmitigated",1146,1592,2025,1570,960,839,747,722,604,372,295,264,225,162,156,88
"41",41,"Unmitigated",1321,2017,2434,1964,1294,1024,976,950,730,452,362,320,265,210,162,121
"42",42,"Unmitigated",1606,2447,2939,2358,1564,1187,1213,1087,845,570,449,444,315,276,197,149
"43",43,"Unmitigated",1962,2949,3667,2805,1910,1451,1448,1398,1080,707,563,467,417,333,215,168
"44",44,"Unmitigated",2364,3690,4284,3504,2352,1746,1783,1667,1277,801,603,549,475,423,278,215
"45",45,"Unmitigated",2913,4526,5478,4157,2762,2227,2148,1987,1547,1019,794,754,633,471,344,290
"46",46,"Unmitigated",3524,5539,6450,5085,3377,2656,2522,2456,1966,1289,979,944,739,577,457,325
"47",47,"Unmitigated",4363,6530,7815,6028,4049,3293,3043,2993,2218,1436,1196,1044,932,709,502,402
"48",48,"Unmitigated",5348,8156,9437,7433,4951,3804,3850,3475,2853,1801,1403,1343,1137,899,642,508
"49",49,"Unmitigated",6400,9786,11316,9191,6043,4588,4574,4299,3366,2205,1646,1616,1302,1033,750,584
"50",50,"Unmitigated",7825,11747,14035,10795,7112,5678,5467,5268,4065,2568,2041,1892,1661,1215,908,742
"51",51,"Unmitigated",9410,13924,16550,13177,8542,6699,6576,6171,4901,3211,2491,2311,1908,1554,1098,830
"52",52,"Unmitigated",11213,17105,20139,15834,10504,8271,7939,7614,5937,3813,3042,2700,2274,1866,1303,1044
"53",53,"Unmitigated",13705,20381,24033,19098,12524,9679,9602,9151,7057,4683,3668,3256,2714,2158,1563,1209
"54",54,"Unmitigated",16381,24489,28486,22610,14918,11755,11353,10921,8452,5523,4412,3831,3278,2587,1917,1430
"55",55,"Unmitigated",19679,29420,33974,26701,17978,14081,13640,12773,10238,6505,5022,4614,3939,3014,2115,1666
"56",56,"Unmitigated",23070,34348,40149,31760,21508,16605,16020,15244,11780,7905,5922,5336,4616,3490,2485,2099
"57",57,"Unmitigated",27824,40873,47090,36916,25116,19678,19223,18052,13889,9371,7348,6452,5380,4184,2933,2416
"58",58,"Unmitigated",32812,48128,55213,43732,29485,23158,22171,21080,16089,10727,8255,7506,6144,4885,3377,2801
"59",59,"Unmitigated",38760,55895,63400,50479,34496,26993,25874,24485,18702,12600,9912,8567,7007,5452,3842,3263
"60",60,"Unmitigated",45294,64577,72322,58432,40148,31011,29850,27940,21775,14641,11359,9679,8067,6237,4450,3672
"61",61,"Unmitigated",52232,74108,82104,65950,45732,35807,34184,31859,24760,16990,12674,11039,9063,6948,4900,4181
"62",62,"Unmitigated",59918,83373,91761,74072,51900,40618,38493,35379,27662,18879,14364,12320,9725,7612,5228,4494
"63",63,"Unmitigated",68231,93725,101166,82448,58336,45483,43256,39205,30699,20981,16073,13513,11010,8413,5641,5001
"64",64,"Unmitigated",76972,103086,108728,89542,64255,50914,47476,42895,33184,23434,17673,14826,11718,8706,6100,5312
"65",65,"Unmitigated",84852,111816,116619,95998,70196,54988,51355,46327,35856,25269,19133,15702,12518,9148,6323,5658
"66",66,"Unmitigated",93316,118750,121965,102128,74828,59218,54355,48161,38128,27249,19945,16562,12763,9151,6453,5956
"67",67,"Unmitigated",100953,124572,125885,105714,78855,62737,56858,49850,40040,27902,20796,17206,12753,9346,6339,5917
"68",68,"Unmitigated",106725,129146,126710,107426,81270,65256,58374,50872,40439,28883,21384,17081,13038,9269,6165,6060
"69",69,"Unmitigated",111872,131269,126025,107594,82722,66728,58684,50452,40452,29231,21843,17367,12520,8807,5786,5859
"70",70,"Unmitigated",114915,130244,122022,104935,82991,67719,58595,49447,40062,29030,21327,16449,11901,8118,5502,5677
"71",71,"Unmitigated",117066,127556,115801,100949,81654,66230,57067,47774,38481,28166,20697,15742,11161,7570,5011,5194
"72",72,"Unmitigated",116045,122316,108552,95744,78978,63958,54637,45159,36763,27250,19449,14633,10387,6757,4541,4750
"73",73,"Unmitigated",114940,115879,99811,88799,74238,61311,51042,41334,34200,25653,18420,13481,9111,6035,3886,4423
"74",74,"Unmitigated",110177,107303,90216,81123,69548,57061,46978,37750,31396,23949,16872,12140,8093,5287,3401,4145
"75",75,"Unmitigated",105272,98931,80402,73615,64238,53518,43063,34006,28249,21676,15268,10645,7183,4494,2965,3464
"76",76,"Unmitigated",98707,89456,70977,65425,57812,48454,38731,30280,25392,19677,13785,9525,6100,3796,2348,3107
"77",77,"Unmitigated",91820,80080,61603,57102,51993,44286,34241,26510,22248,17738,12237,8382,5223,3156,2073,2673
"78",78,"Unmitigated",83982,70715,52541,49673,46568,39171,30516,23272,19480,15609,10658,7136,4385,2649,1694,2193
"79",79,"Unmitigated",76085,62029,44892,43367,40341,34192,26352,19830,16815,13513,9228,6024,3702,2176,1356,1940
"80",80,"Unmitigated",69122,53886,37885,36921,35230,30129,22691,16892,14177,12073,8150,5201,3096,1766,1064,1523
"81",81,"Unmitigated",60906,46234,32139,31200,30682,26015,19383,14113,12257,10174,6710,4284,2647,1447,889,1354
"82",82,"Unmitigated",53769,39745,26669,26416,26485,22789,16658,11948,10387,8521,5785,3604,2140,1086,734,1116
"83",83,"Unmitigated",47073,33585,22049,22189,22544,19355,13989,10130,8796,7435,4992,3020,1649,887,614,954
"84",84,"Unmitigated",41290,28396,18395,18513,18978,16627,11704,8284,7447,6313,4160,2556,1384,736,454,789
"85",85,"Unmitigated",35909,24246,15225,15381,15856,14176,10019,6992,6207,5296,3438,1974,1075,603,337,585
"86",86,"Unmitigated",30842,20121,12567,12741,13891,11693,8465,5678,4997,4480,2941,1698,963,487,291,507
"87",87,"Unmitigated",26419,17067,10276,10566,11571,10031,6925,4807,4131,3743,2302,1401,713,396,252,403
"88",88,"Unmitigated",22743,14102,8439,8937,9613,8493,5898,4001,3581,3169,2018,1140,561,299,181,309
"89",89,"Unmitigated",19321,11854,7027,7246,7958,7158,4700,3205,2876,2699,1648,937,455,250,156,293
"90",90,"Unmitigated",16433,9897,5745,6051,6770,5816,4058,2676,2402,2173,1417,774,391,214,140,219
"91",91,"Unmitigated",13965,8162,4616,4873,5611,4976,3321,2225,2005,1765,1116,624,299,145,88,168
"92",92,"Unmitigated",11570,6893,3834,4059,4682,4194,2865,1808,1661,1451,888,484,263,125,84,150
"93",93,"Unmitigated",9930,5688,3131,3284,3797,3401,2351,1412,1328,1321,770,433,210,106,66,132
"94",94,"Unmitigated",8355,4621,2556,2810,3140,2948,1911,1202,1170,1056,669,358,173,77,33,98
"95",95,"Unmitigated",7053,3832,2091,2263,2688,2417,1586,1039,973,836,536,268,131,46,32,70
"96",96,"Unmitigated",5856,3251,1761,1870,2268,1971,1271,880,721,693,482,232,117,53,28,60
"97",97,"Unmitigated",4942,2642,1482,1591,1904,1601,1034,678,573,608,364,206,97,46,21,43
"98",98,"Unmitigated",4107,2206,1217,1253,1584,1360,925,505,483,504,293,127,64,41,20,47
"99",99,"Unmitigated",3469,1772,1011,1060,1304,1161,723,476,396,412,260,125,56,31,20,30
"100",100,"Unmitigated",2934,1539,790,828,1081,942,604,367,345,365,200,114,59,28,12,29
"101",101,"Unmitigated",2349,1263,630,727,929,813,518,326,293,273,179,87,33,25,11,31
"102",102,"Unmitigated",1976,1111,504,602,728,680,435,266,248,215,143,61,28,23,12,26
"103",103,"Unmitigated",1675,805,460,502,578,561,312,252,166,196,124,57,30,15,1,14
"104",104,"Unmitigated",1345,689,377,407,511,466,303,174,179,166,101,56,21,16,2,18
"105",105,"Unmitigated",1135,606,306,307,422,347,232,148,149,126,82,45,11,4,5,13
"106",106,"Unmitigated",957,478,241,293,342,294,178,131,121,110,69,34,20,8,6,7
"107",107,"Unmitigated",726,393,206,234,293,244,174,94,97,83,63,33,14,5,5,14
"108",108,"Unmitigated",642,318,162,192,220,198,128,95,71,81,45,21,12,3,2,11
"109",109,"Unmitigated",560,254,151,139,185,163,109,62,65,58,27,25,8,2,0,6
"110",110,"Unmitigated",470,206,125,149,152,144,86,55,63,46,37,16,8,1,1,5
"111",111,"Unmitigated",346,191,94,131,143,131,72,36,40,35,19,10,6,1,1,1
"112",112,"Unmitigated",309,160,83,75,113,118,57,42,41,30,20,10,5,2,1,2
"113",113,"Unmitigated",245,134,62,72,96,92,43,32,24,18,11,7,6,0,1,2
"114",114,"Unmitigated",213,102,54,56,75,85,52,22,36,29,15,5,4,2,0,7
"115",115,"Unmitigated",169,89,40,57,57,73,37,25,25,12,21,5,2,0,0,2
"116",116,"Unmitigated",144,85,31,49,39,40,41,10,17,19,10,7,2,1,1,1
"117",117,"Unmitigated",138,60,25,35,43,39,26,13,14,5,4,2,0,2,1,0
"118",118,"Unmitigated",116,46,15,28,34,30,21,13,8,8,6,3,1,2,1,2
"119",119,"Unmitigated",70,42,22,21,22,26,21,9,13,9,5,4,0,1,0,0
"120",120,"Unmitigated",81,41,10,23,24,22,13,11,9,6,3,0,1,2,0,0
"121",121,"Unmitigated",55,34,12,12,16,18,16,6,7,7,2,2,3,0,0,0
"122",122,"Unmitigated",39,31,6,12,13,15,6,9,6,3,4,5,2,0,0,0
"123",123,"Unmitigated",27,19,12,11,13,10,5,6,7,1,4,1,0,0,0,2
"124",124,"Unmitigated",40,21,8,12,9,12,7,7,3,4,1,0,2,0,0,1
"125",125,"Unmitigated",33,13,6,7,15,10,4,2,2,2,0,0,0,0,0,0
"126",126,"Unmitigated",17,13,11,6,8,4,6,3,4,0,1,1,0,0,0,0
"127",127,"Unmitigated",17,10,6,7,7,7,7,3,4,4,0,0,1,0,0,0
"128",128,"Unmitigated",23,7,2,4,1,6,0,1,2,0,1,0,0,0,0,0
"129",129,"Unmitigated",17,4,6,7,4,2,3,0,1,1,0,1,1,0,0,0
"130",130,"Unmitigated",16,6,2,1,4,10,2,1,0,1,3,0,0,0,0,0
"131",131,"Unmitigated",6,4,2,1,2,2,0,1,1,1,0,1,0,0,0,0
"132",132,"Unmitigated",5,5,2,1,1,1,1,0,0,0,1,0,0,0,0,0
"133",133,"Unmitigated",3,3,1,1,1,1,2,2,1,1,0,0,0,0,0,0
"134",134,"Unmitigated",5,1,0,1,0,2,2,0,0,0,1,0,0,0,0,0
"135",135,"Unmitigated",3,1,0,2,1,1,0,0,0,0,0,0,0,0,0,0
"136",136,"Unmitigated",3,3,0,2,1,1,1,0,0,1,0,0,0,0,0,0
"137",137,"Unmitigated",8,0,1,3,0,1,1,0,0,1,0,0,0,0,0,0
"138",138,"Unmitigated",5,1,0,0,1,2,0,0,3,1,0,0,0,0,0,0
"139",139,"Unmitigated",1,0,2,0,0,0,0,1,0,0,0,0,0,0,0,0
"140",140,"Unmitigated",4,1,0,0,1,0,0,0,0,0,1,0,0,0,0,0
"141",141,"Unmitigated",4,0,0,0,1,0,0,0,0,0,0,0,0,0,0,0
"142",142,"Unmitigated",1,0,1,0,0,0,0,0,0,0,0,0,0,0,0,0
"143",143,"Unmitigated",0,0,0,0,0,0,0,0,1,0,0,0,0,0,0,0
"144",144,"Unmitigated",1,1,2,0,0,0,2,0,0,0,0,0,0,0,0,0
"145",145,"Unmitigated",0,1,2,0,0,0,0,0,0,0,0,0,0,0,0,0
"146",146,"Unmitigated",0,0,1,0,0,0,0,0,0,0,0,0,0,0,0,0
"147",147,"Unmitigated",0,0,0,0,0,0,0,0,0,0,0,0,0,0,0,0
"148",148,"Unmitigated",0,0,0,0,0,0,0,0,0,0,0,0,0,0,0,0
"149",149,"Unmitigated",0,0,1,0,0,0,0,0,0,0,0,0,0,0,0,0
"150",150,"Unmitigated",0,0,0,0,0,0,0,0,0,0,0,0,0,0,0,0
"151",151,"Unmitigated",0,0,0,1,0,0,0,0,0,0,0,0,0,0,0,0
"152",152,"Unmitigated",0,2,0,0,0,0,0,0,0,0,0,0,0,0,0,0
"153",153,"Unmitigated",0,0,0,0,0,0,0,0,0,0,0,0,0,0,0,0
"154",154,"Unmitigated",0,0,0,0,0,0,0,0,0,0,0,0,0,0,0,0
"155",155,"Unmitigated",0,0,0,0,0,0,0,0,0,0,0,0,0,0,0,0
"156",156,"Unmitigated",0,0,0,0,0,0,0,0,0,0,0,0,0,0,0,0
"157",157,"Unmitigated",0,0,0,0,0,0,0,0,0,0,0,0,0,0,0,0
"158",158,"Unmitigated",0,0,0,0,0,0,0,0,0,0,0,0,0,0,0,0
"159",159,"Unmitigated",0,0,0,0,0,0,0,0,0,0,0,0,0,0,0,0
"160",160,"Unmitigated",0,0,0,0,0,0,0,0,0,0,0,0,0,0,0,0
"161",161,"Unmitigated",0,0,0,0,0,0,0,0,0,0,0,0,0,0,0,0
"162",162,"Unmitigated",0,0,0,0,0,0,0,0,0,0,0,0,0,0,0,0
"163",163,"Unmitigated",0,0,0,0,0,0,0,0,0,0,0,0,0,0,0,0
"164",164,"Unmitigated",0,0,0,0,0,0,0,0,0,0,0,0,0,0,0,0
"165",165,"Unmitigated",0,0,0,0,0,0,0,0,0,0,0,0,0,0,0,0
"166",166,"Unmitigated",0,0,0,0,0,0,0,0,0,0,0,0,0,0,0,0
"167",167,"Unmitigated",0,0,0,0,0,0,0,0,0,0,0,0,0,0,0,0
"168",168,"Unmitigated",0,0,0,0,0,0,0,0,0,0,0,0,0,0,0,0
"169",169,"Unmitigated",0,0,0,0,0,0,0,0,0,0,0,0,0,0,0,0
"170",170,"Unmitigated",0,0,0,0,0,0,0,0,0,0,0,0,0,0,0,0
"171",171,"Unmitigated",0,0,0,0,0,0,0,0,0,0,0,0,0,0,0,0
"172",172,"Unmitigated",0,0,0,0,0,0,0,0,0,0,0,0,0,0,0,0
"173",173,"Unmitigated",0,0,0,0,0,0,0,0,0,0,0,0,0,0,0,0
"174",174,"Unmitigated",0,0,0,0,0,0,0,0,0,0,0,0,0,0,0,0
"175",175,"Unmitigated",0,0,0,0,0,0,0,0,0,0,0,0,0,0,0,0
"176",176,"Unmitigated",0,0,0,0,0,0,0,0,0,0,0,0,0,0,0,0
"177",177,"Unmitigated",0,0,0,0,0,0,0,0,0,0,0,0,0,0,0,0
"178",178,"Unmitigated",0,0,0,0,0,0,0,0,0,0,0,0,0,0,0,0
"179",179,"Unmitigated",0,0,0,0,0,0,0,0,0,0,0,0,0,0,0,0
"180",180,"Unmitigated",0,0,0,0,0,0,0,0,0,0,0,0,0,0,0,0
"181",181,"Unmitigated",0,0,0,0,0,0,0,0,0,0,0,0,0,0,0,0
"182",182,"Unmitigated",0,0,0,0,0,0,0,0,0,0,0,0,0,0,0,0
"183",183,"Unmitigated",0,0,0,0,0,0,0,0,0,0,0,0,0,0,0,0
"184",184,"Unmitigated",0,0,0,0,0,0,0,0,0,0,0,0,0,0,0,0
"185",185,"Unmitigated",0,0,0,0,0,0,0,0,0,0,0,0,0,0,0,0
"186",186,"Unmitigated",0,0,0,0,0,0,0,0,0,0,0,0,0,0,0,0
"187",187,"Unmitigated",0,0,0,0,0,0,0,0,0,0,0,0,0,0,0,0
"188",188,"Unmitigated",0,0,0,0,0,0,0,0,0,0,0,0,0,0,0,0
"189",189,"Unmitigated",0,0,0,0,0,0,0,0,0,0,0,0,0,0,0,0
"190",190,"Unmitigated",0,0,0,0,0,0,0,0,0,0,0,0,0,0,0,0
"191",191,"Unmitigated",0,0,0,0,0,0,0,0,0,0,0,0,0,0,0,0
"192",192,"Unmitigated",0,0,0,0,0,0,0,0,0,0,0,0,0,0,0,0
"193",193,"Unmitigated",0,0,0,0,0,0,0,0,0,0,0,0,0,0,0,0
"194",194,"Unmitigated",0,0,0,0,0,0,0,0,0,0,0,0,0,0,0,0
"195",195,"Unmitigated",0,0,0,0,0,0,0,0,0,0,0,0,0,0,0,0
"196",196,"Unmitigated",0,0,0,0,0,0,0,0,0,0,0,0,0,0,0,0
"197",197,"Unmitigated",0,0,0,0,0,0,0,0,0,0,0,0,0,0,0,0
"198",198,"Unmitigated",0,0,0,0,0,0,0,0,0,0,0,0,0,0,0,0
"199",199,"Unmitigated",0,0,0,0,0,0,0,0,0,0,0,0,0,0,0,0
"200",200,"Unmitigated",0,0,0,0,0,0,0,0,0,0,0,0,0,0,0,0
"201",201,"Unmitigated",0,0,0,0,0,0,0,0,0,0,0,0,0,0,0,0
"202",202,"Unmitigated",0,0,0,0,0,0,0,0,0,0,0,0,0,0,0,0
"203",203,"Unmitigated",0,0,0,0,0,0,0,0,0,0,0,0,0,0,0,0
"204",204,"Unmitigated",0,0,0,0,0,0,0,0,0,0,0,0,0,0,0,0
"205",205,"Unmitigated",0,0,0,0,0,0,0,0,0,0,0,0,0,0,0,0
"206",206,"Unmitigated",0,0,0,0,0,0,0,0,0,0,0,0,0,0,0,0
"207",207,"Unmitigated",0,0,0,0,0,0,0,0,0,0,0,0,0,0,0,0
"208",208,"Unmitigated",0,0,0,0,0,0,0,0,0,0,0,0,0,0,0,0
"209",209,"Unmitigated",0,0,0,0,0,0,0,0,0,0,0,0,0,0,0,0
"210",210,"Unmitigated",0,0,0,0,0,0,0,0,0,0,0,0,0,0,0,0
"211",211,"Unmitigated",0,0,0,0,0,0,0,0,0,0,0,0,0,0,0,0
"212",212,"Unmitigated",0,0,0,0,0,0,0,0,0,0,0,0,0,0,0,0
"213",213,"Unmitigated",0,0,0,0,0,0,0,0,0,0,0,0,0,0,0,0
"214",214,"Unmitigated",0,0,0,0,0,0,0,0,0,0,0,0,0,0,0,0
"215",215,"Unmitigated",0,0,0,0,0,0,0,0,0,0,0,0,0,0,0,0
"216",216,"Unmitigated",0,0,0,0,0,0,0,0,0,0,0,0,0,0,0,0
"217",217,"Unmitigated",0,0,0,0,0,0,0,0,0,0,0,0,0,0,0,0
"218",218,"Unmitigated",0,0,0,0,0,0,0,0,0,0,0,0,0,0,0,0
"219",219,"Unmitigated",0,0,0,0,0,0,0,0,0,0,0,0,0,0,0,0
"220",220,"Unmitigated",0,0,0,0,0,0,0,0,0,0,0,0,0,0,0,0
"221",221,"Unmitigated",0,0,0,0,0,0,0,0,0,0,0,0,0,0,0,0
"222",222,"Unmitigated",0,0,0,0,0,0,0,0,0,0,0,0,0,0,0,0
"223",223,"Unmitigated",0,0,0,0,0,0,0,0,0,0,0,0,0,0,0,0
"224",224,"Unmitigated",0,0,0,0,0,0,0,0,0,0,0,0,0,0,0,0
"225",225,"Unmitigated",0,0,0,0,0,0,0,0,0,0,0,0,0,0,0,0
"226",226,"Unmitigated",0,0,0,0,0,0,0,0,0,0,0,0,0,0,0,0
"227",227,"Unmitigated",0,0,0,0,0,0,0,0,0,0,0,0,0,0,0,0
"228",228,"Unmitigated",0,0,0,0,0,0,0,0,0,0,0,0,0,0,0,0
"229",229,"Unmitigated",0,0,0,0,0,0,0,0,0,0,0,0,0,0,0,0
"230",230,"Unmitigated",0,0,0,0,0,0,0,0,0,0,0,0,0,0,0,0
"231",231,"Unmitigated",0,0,0,0,0,0,0,0,0,0,0,0,0,0,0,0
"232",232,"Unmitigated",0,0,0,0,0,0,0,0,0,0,0,0,0,0,0,0
"233",233,"Unmitigated",0,0,0,0,0,0,0,0,0,0,0,0,0,0,0,0
"234",234,"Unmitigated",0,0,0,0,0,0,0,0,0,0,0,0,0,0,0,0
"235",235,"Unmitigated",0,0,0,0,0,0,0,0,0,0,0,0,0,0,0,0
"236",236,"Unmitigated",0,0,0,0,0,0,0,0,0,0,0,0,0,0,0,0
"237",237,"Unmitigated",0,0,0,0,0,0,0,0,0,0,0,0,0,0,0,0
"238",238,"Unmitigated",0,0,0,0,0,0,0,0,0,0,0,0,0,0,0,0
"239",239,"Unmitigated",0,0,0,0,0,0,0,0,0,0,0,0,0,0,0,0
"240",240,"Unmitigated",0,0,0,0,0,0,0,0,0,0,0,0,0,0,0,0
"241",241,"Unmitigated",0,0,0,0,0,0,0,0,0,0,0,0,0,0,0,0
"242",242,"Unmitigated",0,0,0,0,0,0,0,0,0,0,0,0,0,0,0,0
"243",243,"Unmitigated",0,0,0,0,0,0,0,0,0,0,0,0,0,0,0,0
"244",244,"Unmitigated",0,0,0,0,0,0,0,0,0,0,0,0,0,0,0,0
"245",245,"Unmitigated",0,0,0,0,0,0,0,0,0,0,0,0,0,0,0,0
"246",246,"Unmitigated",0,0,0,0,0,0,0,0,0,0,0,0,0,0,0,0
"247",247,"Unmitigated",0,0,0,0,0,0,0,0,0,0,0,0,0,0,0,0
"248",248,"Unmitigated",0,0,0,0,0,0,0,0,0,0,0,0,0,0,0,0
"249",249,"Unmitigated",0,0,0,0,0,0,0,0,0,0,0,0,0,0,0,0
"250",250,"Unmitigated",0,0,0,0,0,0,0,0,0,0,0,0,0,0,0,0
"251",251,"Unmitigated",0,0,0,0,0,0,0,0,0,0,0,0,0,0,0,0
"252",252,"Unmitigated",0,0,0,0,0,0,0,0,0,0,0,0,0,0,0,0
"253",253,"Unmitigated",0,0,0,0,0,0,0,0,0,0,0,0,0,0,0,0
"254",254,"Unmitigated",0,0,0,0,0,0,0,0,0,0,0,0,0,0,0,0
"255",255,"Unmitigated",0,0,0,0,0,0,0,0,0,0,0,0,0,0,0,0
"256",256,"Unmitigated",0,0,0,0,0,0,0,0,0,0,0,0,0,0,0,0
"257",257,"Unmitigated",0,0,0,0,0,0,0,0,0,0,0,0,0,0,0,0
"258",258,"Unmitigated",0,0,0,0,0,0,0,0,0,0,0,0,0,0,0,0
"259",259,"Unmitigated",0,0,0,0,0,0,0,0,0,0,0,0,0,0,0,0
"260",260,"Unmitigated",0,0,0,0,0,0,0,0,0,0,0,0,0,0,0,0
"261",261,"Unmitigated",0,0,0,0,0,0,0,0,0,0,0,0,0,0,0,0
"262",262,"Unmitigated",0,0,0,0,0,0,0,0,0,0,0,0,0,0,0,0
"263",263,"Unmitigated",0,0,0,0,0,0,0,0,0,0,0,0,0,0,0,0
"264",264,"Unmitigated",0,0,0,0,0,0,0,0,0,0,0,0,0,0,0,0
"265",265,"Unmitigated",0,0,0,0,0,0,0,0,0,0,0,0,0,0,0,0
"266",266,"Unmitigated",0,0,0,0,0,0,0,0,0,0,0,0,0,0,0,0
"267",267,"Unmitigated",0,0,0,0,0,0,0,0,0,0,0,0,0,0,0,0
"268",268,"Unmitigated",0,0,0,0,0,0,0,0,0,0,0,0,0,0,0,0
"269",269,"Unmitigated",0,0,0,0,0,0,0,0,0,0,0,0,0,0,0,0
"270",270,"Unmitigated",0,0,0,0,0,0,0,0,0,0,0,0,0,0,0,0
"271",271,"Unmitigated",0,0,0,0,0,0,0,0,0,0,0,0,0,0,0,0
"272",272,"Unmitigated",0,0,0,0,0,0,0,0,0,0,0,0,0,0,0,0
"273",273,"Unmitigated",0,0,0,0,0,0,0,0,0,0,0,0,0,0,0,0
"274",274,"Unmitigated",0,0,0,0,0,0,0,0,0,0,0,0,0,0,0,0
"275",275,"Unmitigated",0,0,0,0,0,0,0,0,0,0,0,0,0,0,0,0
"276",276,"Unmitigated",0,0,0,0,0,0,0,0,0,0,0,0,0,0,0,0
"277",277,"Unmitigated",0,0,0,0,0,0,0,0,0,0,0,0,0,0,0,0
"278",278,"Unmitigated",0,0,0,0,0,0,0,0,0,0,0,0,0,0,0,0
"279",279,"Unmitigated",0,0,0,0,0,0,0,0,0,0,0,0,0,0,0,0
"280",280,"Unmitigated",0,0,0,0,0,0,0,0,0,0,0,0,0,0,0,0
"281",281,"Unmitigated",0,0,0,0,0,0,0,0,0,0,0,0,0,0,0,0
"282",282,"Unmitigated",0,0,0,0,0,0,0,0,0,0,0,0,0,0,0,0
"283",283,"Unmitigated",0,0,0,0,0,0,0,0,0,0,0,0,0,0,0,0
"284",284,"Unmitigated",0,0,0,0,0,0,0,0,0,0,0,0,0,0,0,0
"285",285,"Unmitigated",0,0,0,0,0,0,0,0,0,0,0,0,0,0,0,0
"286",286,"Unmitigated",0,0,0,0,0,0,0,0,0,0,0,0,0,0,0,0
"287",287,"Unmitigated",0,0,0,0,0,0,0,0,0,0,0,0,0,0,0,0
"288",288,"Unmitigated",0,0,0,0,0,0,0,0,0,0,0,0,0,0,0,0
"289",289,"Unmitigated",0,0,0,0,0,0,0,0,0,0,0,0,0,0,0,0
"290",290,"Unmitigated",0,0,0,0,0,0,0,0,0,0,0,0,0,0,0,0
"291",291,"Unmitigated",0,0,0,0,0,0,0,0,0,0,0,0,0,0,0,0
"292",292,"Unmitigated",0,0,0,0,0,0,0,0,0,0,0,0,0,0,0,0
"293",293,"Unmitigated",0,0,0,0,0,0,0,0,0,0,0,0,0,0,0,0
"294",294,"Unmitigated",0,0,0,0,0,0,0,0,0,0,0,0,0,0,0,0
"295",295,"Unmitigated",0,0,0,0,0,0,0,0,0,0,0,0,0,0,0,0
"296",296,"Unmitigated",0,0,0,0,0,0,0,0,0,0,0,0,0,0,0,0
"297",297,"Unmitigated",0,0,0,0,0,0,0,0,0,0,0,0,0,0,0,0
"298",298,"Unmitigated",0,0,0,0,0,0,0,0,0,0,0,0,0,0,0,0
"299",299,"Unmitigated",0,0,0,0,0,0,0,0,0,0,0,0,0,0,0,0
"300",300,"Unmitigated",0,0,0,0,0,0,0,0,0,0,0,0,0,0,0,0
"301",1,"Mitigation",1,0,0,0,0,0,0,0,0,0,0,0,0,0,0,0
"302",2,"Mitigation",0,0,1,0,0,0,0,0,0,0,0,0,0,0,0,0
"303",3,"Mitigation",0,0,1,0,0,0,0,1,0,0,0,0,0,0,0,0
"304",4,"Mitigation",0,0,0,0,0,0,0,0,0,0,0,0,0,0,0,0
"305",5,"Mitigation",0,0,0,1,0,0,0,0,0,0,0,0,0,0,0,0
"306",6,"Mitigation",1,0,0,0,0,2,0,0,0,0,0,0,0,0,0,0
"307",7,"Mitigation",0,1,1,0,0,0,1,0,0,1,0,0,0,0,1,0
"308",8,"Mitigation",0,0,0,0,0,0,0,0,1,0,0,0,0,0,0,0
"309",9,"Mitigation",1,1,2,2,1,1,0,0,0,0,0,0,0,0,0,1
"310",10,"Mitigation",1,1,2,1,0,1,1,1,0,0,0,0,0,1,0,0
"311",11,"Mitigation",0,1,0,2,1,0,0,0,1,0,0,0,0,0,0,0
"312",12,"Mitigation",1,1,4,0,1,0,0,1,0,1,0,1,0,0,1,0
"313",13,"Mitigation",2,1,2,1,0,0,0,0,0,1,0,0,0,0,0,0
"314",14,"Mitigation",0,2,1,1,1,0,0,2,0,1,0,0,1,0,0,0
"315",15,"Mitigation",0,1,1,1,0,0,0,1,0,0,0,0,0,0,0,0
"316",16,"Mitigation",1,0,3,1,1,0,0,1,0,0,0,0,0,0,0,0
"317",17,"Mitigation",1,1,2,4,1,0,0,0,0,0,1,0,0,0,0,0
"318",18,"Mitigation",2,1,5,1,0,0,2,1,0,0,0,0,0,0,0,0
"319",19,"Mitigation",1,0,2,1,1,0,0,0,0,0,0,0,0,1,0,0
"320",20,"Mitigation",1,0,1,2,0,0,1,2,1,0,0,0,0,0,0,0
"321",21,"Mitigation",0,4,1,1,1,0,0,0,0,1,0,0,0,0,0,0
"322",22,"Mitigation",1,1,2,0,0,0,0,0,0,0,0,0,1,0,0,0
"323",23,"Mitigation",1,2,5,0,0,1,0,1,0,0,0,0,1,1,1,0
"324",24,"Mitigation",0,2,1,1,0,1,0,1,0,0,0,0,0,0,0,0
"325",25,"Mitigation",1,4,3,2,0,1,1,0,1,0,1,0,0,1,0,0
"326",26,"Mitigation",1,2,6,0,0,0,0,1,1,1,0,0,1,0,0,0
"327",27,"Mitigation",1,6,4,5,1,0,0,0,1,1,0,0,0,0,0,0
"328",28,"Mitigation",3,2,1,3,0,0,3,1,0,2,0,1,0,0,0,0
"329",29,"Mitigation",2,3,4,2,2,2,1,1,0,0,0,0,1,0,1,0
"330",30,"Mitigation",2,3,4,3,0,0,2,1,0,1,0,0,0,0,0,0
"331",31,"Mitigation",2,7,4,2,3,2,0,3,3,0,0,0,1,0,0,0
"332",32,"Mitigation",2,2,3,2,3,1,2,2,1,1,0,2,0,0,0,0
"333",33,"Mitigation",1,3,3,4,1,3,1,4,0,0,1,1,0,0,0,0
"334",34,"Mitigation",2,4,4,5,0,5,0,2,2,0,0,0,1,1,0,0
"335",35,"Mitigation",3,3,7,0,0,3,2,1,2,0,1,0,2,0,0,0
"336",36,"Mitigation",2,7,4,2,2,0,2,1,1,1,0,0,2,0,0,0
"337",37,"Mitigation",1,5,6,4,6,5,2,6,2,1,2,3,0,2,0,1
"338",38,"Mitigation",3,5,6,6,3,4,0,3,1,1,1,2,0,2,0,0
"339",39,"Mitigation",7,2,7,4,1,2,5,2,4,2,0,1,0,2,1,1
"340",40,"Mitigation",13,5,6,1,3,1,4,1,1,1,1,0,0,0,1,1
"341",41,"Mitigation",2,7,9,5,2,2,4,4,3,0,5,0,0,0,1,0
"342",42,"Mitigation",2,10,2,6,2,5,6,5,5,2,2,0,0,0,0,0
"343",43,"Mitigation",5,7,9,7,2,6,5,5,0,1,2,1,0,2,1,1
"344",44,"Mitigation",6,10,15,10,7,1,6,4,0,5,1,1,2,1,1,1
"345",45,"Mitigation",0,5,6,4,4,6,5,5,1,2,3,2,1,1,0,1
"346",46,"Mitigation",9,11,11,6,6,4,2,2,5,2,2,3,3,0,1,1
"347",47,"Mitigation",6,6,12,4,7,4,3,2,4,4,3,2,1,2,1,0
"348",48,"Mitigation",14,8,14,19,6,4,3,12,6,5,2,3,1,2,1,0
"349",49,"Mitigation",5,11,18,19,8,5,5,4,3,2,3,1,4,3,0,0
"350",50,"Mitigation",6,12,18,12,7,7,9,6,3,2,3,3,2,2,0,1
"351",51,"Mitigation",18,9,18,12,7,9,7,5,6,1,1,2,3,4,1,1
"352",52,"Mitigation",8,18,23,15,9,6,6,3,2,7,4,3,3,2,1,0
"353",53,"Mitigation",14,13,16,13,15,7,9,8,8,2,3,6,1,3,2,0
"354",54,"Mitigation",12,27,15,11,10,8,5,4,6,3,3,5,3,1,2,1
"355",55,"Mitigation",9,20,22,28,16,8,12,7,6,4,4,4,1,4,1,2
"356",56,"Mitigation",21,22,28,14,9,9,10,9,10,5,4,4,3,1,2,0
"357",57,"Mitigation",17,15,26,24,11,9,11,8,5,1,5,6,3,2,3,1
"358",58,"Mitigation",22,15,28,16,11,8,7,8,6,9,3,4,4,1,3,1
"359",59,"Mitigation",14,29,28,21,25,13,11,18,9,9,2,5,2,2,2,2
"360",60,"Mitigation",18,27,42,21,19,11,9,11,12,3,6,4,3,1,2,0
"361",61,"Mitigation",24,32,40,22,30,12,12,23,6,7,8,4,5,4,0,1
"362",62,"Mitigation",19,39,23,32,17,14,26,15,4,7,6,10,5,1,3,1
"363",63,"Mitigation",22,33,53,37,15,18,17,12,19,8,7,8,4,5,2,0
"364",64,"Mitigation",24,32,43,47,24,19,17,20,12,11,8,6,3,2,3,2
"365",65,"Mitigation",27,45,54,39,35,16,14,12,17,14,3,4,8,8,3,1
"366",66,"Mitigation",25,48,47,40,29,31,21,22,18,11,12,7,8,5,5,1
"367",67,"Mitigation",34,54,74,34,21,29,16,24,14,17,13,13,5,6,1,1
"368",68,"Mitigation",27,53,61,59,34,20,24,33,25,15,15,7,9,7,3,3
"369",69,"Mitigation",41,53,69,50,35,32,20,24,22,13,9,9,6,7,8,4
"370",70,"Mitigation",35,67,80,41,38,29,34,29,15,19,7,10,9,5,7,2
"371",71,"Mitigation",46,74,61,61,43,34,20,35,25,18,11,12,11,4,3,1
"372",72,"Mitigation",42,72,96,63,42,38,37,37,19,9,18,14,16,10,8,4
"373",73,"Mitigation",51,64,110,83,49,31,33,30,37,22,15,10,7,11,6,4
"374",74,"Mitigation",50,91,94,85,59,36,40,38,29,16,12,14,11,9,7,7
"375",75,"Mitigation",60,100,117,89,58,58,59,41,36,19,19,17,13,6,10,5
"376",76,"Mitigation",68,100,125,75,57,58,48,50,36,16,24,16,11,8,11,10
"377",77,"Mitigation",63,105,134,105,64,45,54,63,53,25,15,18,19,7,9,10
"378",78,"Mitigation",81,121,145,104,98,51,62,54,50,24,19,19,20,11,15,3
"379",79,"Mitigation",90,108,156,145,65,55,63,46,61,27,23,19,12,21,10,14
"380",80,"Mitigation",103,146,171,135,84,62,90,71,58,42,21,25,20,19,8,7
"381",81,"Mitigation",100,152,190,137,84,75,82,73,61,34,20,17,21,10,10,10
"382",82,"Mitigation",127,158,186,159,98,81,91,84,43,43,25,30,24,21,12,12
"383",83,"Mitigation",126,185,227,166,112,90,105,83,56,34,31,34,20,21,13,11
"384",84,"Mitigation",130,204,248,178,134,104,93,101,68,46,34,42,31,21,9,10
"385",85,"Mitigation",147,237,251,205,131,120,104,91,73,47,38,41,40,28,16,11
"386",86,"Mitigation",172,199,284,218,146,128,93,89,94,53,40,44,27,33,15,18
"387",87,"Mitigation",185,231,279,250,163,126,100,111,112,67,47,51,41,23,12,10
"388",88,"Mitigation",199,289,359,260,176,130,137,120,94,79,47,44,31,29,22,13
"389",89,"Mitigation",195,303,355,296,189,145,144,132,78,63,65,49,38,30,21,17
"390",90,"Mitigation",210,322,392,296,209,160,153,129,107,71,62,56,50,33,28,27
"391",91,"Mitigation",266,322,438,329,226,185,151,164,130,82,77,71,42,36,29,17
"392",92,"Mitigation",223,373,443,368,232,159,202,200,132,83,71,73,64,50,26,17
"393",93,"Mitigation",261,428,514,387,278,224,173,192,154,93,77,59,63,43,26,31
"394",94,"Mitigation",297,464,577,456,284,252,225,229,160,111,76,72,63,55,42,25
"395",95,"Mitigation",308,471,612,457,302,261,213,225,181,99,88,89,44,59,34,34
"396",96,"Mitigation",341,584,664,502,359,264,258,246,202,120,90,74,80,60,43,34
"397",97,"Mitigation",391,583,701,594,338,267,290,255,199,138,91,108,82,65,37,38
"398",98,"Mitigation",401,659,787,575,400,342,328,327,241,164,110,102,88,79,49,36
"399",99,"Mitigation",454,716,838,650,401,339,328,346,250,156,135,124,93,79,71,45
"400",100,"Mitigation",494,730,949,704,473,361,393,347,259,164,131,119,97,88,43,42
"401",101,"Mitigation",580,908,975,795,481,399,396,344,288,187,160,134,105,90,77,53
"402",102,"Mitigation",625,931,1067,857,583,421,421,397,295,234,170,147,130,85,67,55
"403",103,"Mitigation",650,1034,1146,930,629,470,484,451,341,203,155,169,138,107,77,56
"404",104,"Mitigation",712,1079,1236,1024,698,496,503,473,345,219,208,169,159,129,88,70
"405",105,"Mitigation",756,1135,1430,1101,705,548,552,540,431,270,207,184,150,139,99,77
"406",106,"Mitigation",821,1236,1568,1139,774,655,606,569,433,303,208,239,164,124,102,75
"407",107,"Mitigation",903,1371,1642,1334,855,643,618,606,499,338,238,241,178,145,112,61
"408",108,"Mitigation",1000,1491,1720,1353,922,729,690,675,513,347,271,229,214,180,117,99
"409",109,"Mitigation",1063,1641,1917,1487,990,750,768,700,571,360,285,245,210,167,115,99
"410",110,"Mitigation",1181,1726,2136,1620,1153,789,820,820,584,395,315,269,261,197,135,114
"411",111,"Mitigation",1243,1989,2249,1810,1174,911,887,853,683,459,341,320,267,199,151,127
"412",112,"Mitigation",1334,2095,2463,1970,1333,1000,1005,968,680,474,351,336,304,242,164,126
"413",113,"Mitigation",1522,2194,2681,2067,1398,1007,1038,1038,753,517,390,339,305,278,178,132
"414",114,"Mitigation",1588,2459,2922,2208,1527,1226,1127,1073,863,595,446,380,307,240,201,156
"415",115,"Mitigation",1755,2647,3127,2435,1704,1284,1249,1166,886,588,469,410,367,261,183,142
"416",116,"Mitigation",1900,2795,3538,2741,1772,1312,1392,1316,997,660,500,445,347,298,208,181
"417",117,"Mitigation",2061,3049,3833,2963,2029,1465,1457,1402,1098,713,585,509,422,331,247,208
"418",118,"Mitigation",2195,3341,3921,3193,2115,1553,1591,1422,1152,800,632,581,464,347,292,201
"419",119,"Mitigation",2419,3599,4227,3388,2292,1700,1716,1598,1260,857,621,568,496,367,297,227
"420",120,"Mitigation",2620,4032,4682,3488,2404,1954,1885,1790,1386,925,672,629,565,423,332,239
"421",121,"Mitigation",2941,4263,5095,3965,2658,1967,1989,1876,1418,1012,802,658,570,484,338,272
"422",122,"Mitigation",3069,4603,5489,4490,2855,2179,2176,2031,1584,1084,825,718,640,537,346,308
"423",123,"Mitigation",3286,5006,6010,4636,3137,2429,2371,2265,1753,1229,904,796,697,536,382,323
"424",124,"Mitigation",3499,5458,6376,4861,3369,2511,2505,2382,1765,1241,1007,881,693,551,439,364
"425",125,"Mitigation",3811,5911,6931,5435,3650,2837,2766,2638,2001,1252,1004,902,791,607,439,346
"426",126,"Mitigation",4235,6204,7395,5812,3996,3069,2927,2856,2238,1380,1167,993,883,721,459,367
"427",127,"Mitigation",4536,6785,8111,6415,4235,3223,3212,3028,2329,1520,1220,1136,915,733,461,399
"428",128,"Mitigation",4911,7420,8785,6767,4620,3484,3433,3296,2486,1680,1256,1192,989,781,593,461
"429",129,"Mitigation",5143,7874,9209,7288,4933,3716,3746,3570,2655,1758,1425,1249,1041,838,598,466
"430",130,"Mitigation",5660,8625,9997,7849,5330,4068,3962,3751,2921,1968,1494,1350,1173,908,648,535
"431",131,"Mitigation",6186,9266,10814,8419,5749,4502,4285,3929,3153,2064,1666,1483,1256,895,682,558
"432",132,"Mitigation",6525,9860,11507,9160,6015,4706,4527,4378,3374,2208,1715,1599,1279,1094,775,570
"433",133,"Mitigation",7071,10793,12226,9704,6562,5045,4818,4651,3593,2434,1855,1686,1505,1125,855,618
"434",134,"Mitigation",7750,11296,13097,10534,7053,5470,5280,5050,3843,2601,1989,1809,1527,1273,899,662
"435",135,"Mitigation",8050,12261,14146,11284,7453,5793,5631,5410,4116,2746,2160,1949,1607,1285,910,730
"436",136,"Mitigation",8644,13093,14978,11831,8094,6346,5970,5717,4471,3008,2360,2029,1742,1411,943,742
"437",137,"Mitigation",9354,13931,16366,12548,8510,6723,6423,6168,4818,3140,2494,2257,1819,1425,1021,826
"438",138,"Mitigation",9989,14905,17163,13528,9188,7201,6887,6540,5063,3327,2720,2361,1956,1544,1092,902
"439",139,"Mitigation",10587,16044,18187,14520,9955,7802,7402,7001,5453,3670,2796,2521,2084,1673,1156,920
"440",140,"Mitigation",11632,16882,19681,15522,10306,8077,7939,7490,5805,3786,3026,2624,2244,1723,1245,1053
"441",141,"Mitigation",12273,18081,20761,16435,11061,8531,8430,7811,6011,4120,3159,2765,2334,1761,1354,1093
"442",142,"Mitigation",13108,19280,22163,17305,12059,9188,8980,8324,6559,4309,3356,3080,2423,1930,1358,1105
"443",143,"Mitigation",13888,20056,23285,18383,12817,9718,9433,8902,6873,4623,3588,3224,2736,2059,1444,1137
"444",144,"Mitigation",14822,21442,24690,19456,13322,10427,9941,9318,7340,4900,3830,3253,2659,2131,1548,1246
"445",145,"Mitigation",15379,22884,26002,20753,14132,11162,10641,9953,7638,5195,3974,3517,2891,2326,1657,1291
"446",146,"Mitigation",16450,24102,26883,21800,14829,11544,11256,10449,7885,5367,4160,3809,2962,2303,1741,1384
"447",147,"Mitigation",17468,25114,28587,22683,15709,12126,11611,11009,8392,5660,4461,3871,3133,2407,1693,1416
"448",148,"Mitigation",18650,26710,29903,23753,16423,12739,12378,11256,8885,5974,4621,4022,3251,2660,1832,1498
"449",149,"Mitigation",19418,27705,31227,25095,17164,13500,12854,12090,9269,6278,4877,4240,3424,2720,1894,1496
"450",150,"Mitigation",20205,28737,32332,26037,17979,14156,13383,12384,9604,6752,4849,4467,3526,2683,1940,1590
"451",151,"Mitigation",21424,30145,33724,27136,18610,14776,13901,13031,10170,6781,5294,4601,3751,2875,2030,1652
"452",152,"Mitigation",22484,31489,34508,28081,19523,15056,14710,13557,10348,7020,5377,4807,3811,2961,2035,1669
"453",153,"Mitigation",23430,32563,35779,28815,20247,16070,15204,14176,10760,7358,5550,4736,3953,2996,2036,1766
"454",154,"Mitigation",24070,33408,37011,29931,20578,16374,15573,14182,11027,7491,5875,4966,3997,3149,2132,1815
"455",155,"Mitigation",25409,34506,37563,30545,21476,16720,15976,14360,11397,7785,5944,4899,4115,3210,2155,1898
"456",156,"Mitigation",25768,35468,38428,31294,21928,17385,16367,15123,11619,8129,6035,5136,4134,3082,2219,1972
"457",157,"Mitigation",26725,36316,38925,32091,22769,18104,16673,15200,12131,8303,6266,5248,4177,3180,2194,1853
"458",158,"Mitigation",27589,37311,39659,32683,22785,18270,17087,15763,12229,8440,6414,5434,4320,3244,2227,1951
"459",159,"Mitigation",27884,37603,39837,32736,23731,18476,17764,15686,12269,8491,6426,5568,4335,3225,2185,1909
"460",160,"Mitigation",28664,38401,40485,33114,23580,19057,17566,15889,12705,8493,6616,5496,4473,3196,2271,2053
"461",161,"Mitigation",29386,38519,40870,33602,23975,19205,17866,16097,12631,8595,6574,5583,4416,3133,2289,1985
"462",162,"Mitigation",29776,38926,40943,33512,24384,19222,17780,16046,12584,8620,6691,5537,4350,3192,2220,1953
"463",163,"Mitigation",30246,39232,40891,33611,24380,19425,18090,16065,12900,8839,6744,5389,4359,3136,2237,1952
"464",164,"Mitigation",30368,39019,40513,33338,24487,19443,17698,15941,12685,8769,6515,5468,4275,3166,2245,1928
"465",165,"Mitigation",30139,39273,39951,33143,24513,19437,18146,15931,12413,8727,6553,5429,4201,3176,2133,1947
"466",166,"Mitigation",30312,39145,39595,33066,24196,19552,17835,15806,12473,8739,6551,5353,4178,3025,2063,1893
"467",167,"Mitigation",30132,38406,38851,32447,23849,19229,17639,15541,12136,8574,6554,5282,4075,2829,2026,1876
"468",168,"Mitigation",30263,37933,38138,31939,23755,18954,17317,15219,12186,8447,6384,5223,4053,2827,1897,1784
"469",169,"Mitigation",29791,37262,37138,31230,23374,18890,16762,14932,11890,8434,6373,4947,3878,2781,1855,1788
"470",170,"Mitigation",29992,36623,36075,30526,23088,18379,17038,14495,11647,8201,6120,4949,3605,2634,1841,1741
"471",171,"Mitigation",29088,35395,35217,30270,22461,17918,16205,14019,11369,8027,5946,4852,3531,2577,1760,1672
"472",172,"Mitigation",28752,34632,33826,28729,21994,17808,15707,13710,10899,7727,5738,4578,3471,2477,1591,1608
"473",173,"Mitigation",27947,33651,32980,27795,21270,17317,15137,13105,10396,7404,5581,4433,3363,2349,1507,1541
"474",174,"Mitigation",27593,32678,31424,26938,20728,16675,14809,12852,10124,7177,5358,4348,3255,2229,1520,1436
"475",175,"Mitigation",26792,31686,30473,26086,20027,16214,14361,12356,9796,6925,5204,4088,2941,2135,1427,1472
"476",176,"Mitigation",26199,29909,28903,24864,19021,15602,13908,11891,9357,6741,5006,3946,2862,2014,1367,1407
"477",177,"Mitigation",25048,29338,27633,24126,18589,15002,13206,11354,9183,6478,4857,3758,2715,1971,1233,1259
"478",178,"Mitigation",24402,28235,26292,22743,17603,14303,12660,10776,8704,6139,4580,3638,2717,1745,1193,1225
"479",179,"Mitigation",23445,26925,25158,21901,16986,13736,12003,10228,8427,6107,4331,3473,2391,1768,1125,1120
"480",180,"Mitigation",22668,25483,23826,20433,16388,13088,11666,9925,7834,5655,4262,3207,2316,1695,1016,1077
"481",181,"Mitigation",21471,24339,22260,19509,15319,12693,10971,9289,7438,5477,3914,3013,2207,1546,1046,1017
"482",182,"Mitigation",20493,22980,21098,18641,14844,11748,10302,8712,7021,5125,3710,2880,2112,1428,870,1027
"483",183,"Mitigation",19631,21732,20110,17397,14038,11338,9775,8268,6789,4861,3512,2767,2018,1326,864,922
"484",184,"Mitigation",18640,20816,18980,16469,13050,10884,9329,7670,6292,4615,3368,2645,1894,1243,815,894
"485",185,"Mitigation",17842,19303,17617,15462,12586,10338,8778,7340,5980,4280,3103,2338,1764,1079,771,812
"486",186,"Mitigation",17140,18335,16825,14493,11729,9649,8160,6993,5531,4161,2972,2232,1584,1058,744,764
"487",187,"Mitigation",15980,17392,15659,13637,11112,8955,7601,6346,5275,3812,2821,2068,1406,1000,619,710
"488",188,"Mitigation",15135,16290,14420,12771,10605,8650,7185,5929,4930,3538,2597,2095,1310,918,633,672
"489",189,"Mitigation",14139,15355,13593,11914,9889,7889,6957,5656,4497,3342,2500,1794,1235,859,536,595
"490",190,"Mitigation",13353,14122,12917,11030,9215,7687,6412,5302,4252,3218,2303,1747,1220,783,515,583
"491",191,"Mitigation",12551,13686,12055,10443,8444,7082,6127,5045,4045,2996,2085,1654,1154,715,512,534
"492",192,"Mitigation",11796,12448,11096,9790,8095,6552,5479,4583,3708,2773,1999,1454,1081,692,481,474
"493",193,"Mitigation",11147,11564,10356,9220,7527,6234,5216,4264,3588,2603,1894,1353,975,591,415,454
"494",194,"Mitigation",10422,10853,9510,8444,7046,5875,4879,4053,3281,2371,1683,1300,949,557,375,425
"495",195,"Mitigation",9909,10073,8797,8040,6527,5400,4603,3735,2918,2210,1583,1216,838,574,334,421
"496",196,"Mitigation",9011,9543,8298,7299,6185,4867,4186,3510,2773,2109,1398,1161,751,504,320,359
"497",197,"Mitigation",8537,8962,7644,6719,5605,4692,3893,3235,2542,2026,1334,1068,703,439,294,333
"498",198,"Mitigation",7873,8180,7175,6286,5189,4338,3774,2927,2483,1849,1340,959,621,458,289,305
"499",199,"Mitigation",7465,7555,6595,5927,4835,4049,3324,2836,2276,1688,1163,911,628,416,241,291
"500",200,"Mitigation",6955,6986,6140,5280,4453,3712,3185,2598,2192,1591,1115,826,571,393,239,278
"501",201,"Mitigation",6626,6521,5733,5100,4147,3461,2869,2402,1880,1459,1080,827,531,314,224,279
"502",202,"Mitigation",5959,6160,5194,4576,3949,3186,2740,2194,1787,1400,984,679,466,306,172,213
"503",203,"Mitigation",5474,5544,4871,4357,3736,2990,2549,2076,1610,1272,920,694,467,271,200,204
"504",204,"Mitigation",5070,5284,4533,3990,3260,2691,2317,1891,1530,1169,838,607,430,268,179,208
"505",205,"Mitigation",4864,4803,4089,3726,3066,2642,2255,1771,1422,1055,779,526,388,239,156,166
"506",206,"Mitigation",4440,4552,3738,3433,2919,2371,2019,1561,1314,1017,672,520,359,251,133,179
"507",207,"Mitigation",4115,4245,3355,3093,2713,2214,1864,1523,1234,967,649,451,341,198,125,177
"508",208,"Mitigation",3781,3768,3318,3029,2467,2030,1639,1417,1054,862,562,434,295,208,134,154
"509",209,"Mitigation",3403,3484,3070,2713,2243,1867,1567,1249,1081,802,500,411,291,181,116,132
"510",210,"Mitigation",3256,3264,2841,2556,2088,1794,1443,1153,959,668,578,356,228,152,109,125
"511",211,"Mitigation",2905,3079,2589,2323,1953,1585,1351,1104,883,685,441,371,250,151,102,128
"512",212,"Mitigation",2905,2828,2312,2189,1918,1474,1250,1053,828,597,440,296,237,140,90,95
"513",213,"Mitigation",2616,2573,2148,2029,1640,1428,1170,901,736,541,397,315,205,143,76,91
"514",214,"Mitigation",2342,2435,2059,1816,1546,1220,1077,875,683,540,394,287,202,124,73,92
"515",215,"Mitigation",2252,2192,1834,1639,1489,1156,937,792,607,463,325,270,173,101,58,83
"516",216,"Mitigation",2095,2000,1720,1483,1282,1118,874,728,568,469,325,249,161,98,60,73
"517",217,"Mitigation",1860,1891,1568,1383,1249,969,828,676,583,418,296,215,147,81,70,78
"518",218,"Mitigation",1861,1656,1455,1251,1134,900,744,607,504,384,274,219,144,84,58,52
"519",219,"Mitigation",1579,1623,1292,1175,1016,879,690,527,485,364,257,171,132,96,49,69
"520",220,"Mitigation",1475,1458,1163,1136,919,763,626,523,400,297,229,155,117,69,54,50
"521",221,"Mitigation",1390,1326,1055,1058,877,724,581,504,419,299,212,141,94,63,50,43
"522",222,"Mitigation",1204,1328,1020,921,822,647,559,487,388,275,200,143,79,59,43,49
"523",223,"Mitigation",1107,1166,948,907,751,601,506,417,326,282,213,130,77,62,37,40
"524",224,"Mitigation",1138,1098,944,826,632,583,485,381,294,232,164,125,70,52,33,33
"525",225,"Mitigation",971,938,795,740,620,511,412,341,268,208,153,106,79,44,33,18
"526",226,"Mitigation",875,871,746,691,547,452,381,336,251,200,154,101,73,48,26,28
"527",227,"Mitigation",813,852,656,606,526,447,354,322,249,179,122,81,71,40,22,28
"528",228,"Mitigation",745,762,629,632,505,423,327,289,228,169,133,84,60,27,27,38
"529",229,"Mitigation",688,671,605,478,493,398,325,247,179,168,103,81,48,29,21,24
"530",230,"Mitigation",657,677,541,461,416,358,288,233,186,140,114,68,54,32,11,17
"531",231,"Mitigation",654,585,473,408,379,322,253,200,177,120,76,54,43,42,13,22
"532",232,"Mitigation",537,554,465,417,369,288,251,191,147,109,86,62,35,22,14,22
"533",233,"Mitigation",551,497,438,362,312,270,229,183,158,91,70,53,37,22,10,16
"534",234,"Mitigation",420,507,367,332,288,243,207,171,148,95,87,49,33,16,13,19
"535",235,"Mitigation",431,440,372,327,288,209,184,167,113,95,58,47,42,24,13,17
"536",236,"Mitigation",418,381,320,283,244,219,147,160,123,65,49,55,25,17,9,14
"537",237,"Mitigation",369,335,279,293,238,207,161,134,95,90,59,37,24,17,9,20
"538",238,"Mitigation",331,331,267,234,209,174,148,116,106,66,39,49,21,20,4,16
"539",239,"Mitigation",313,334,262,242,208,179,111,118,73,70,43,34,25,23,8,5
"540",240,"Mitigation",302,305,237,198,194,144,113,96,90,61,41,27,22,12,6,9
"541",241,"Mitigation",285,273,226,204,179,145,112,89,66,50,45,33,13,15,8,8
"542",242,"Mitigation",231,244,161,154,155,132,107,81,64,55,45,17,21,19,6,11
"543",243,"Mitigation",204,237,200,156,143,126,114,71,78,51,30,24,25,12,10,6
"544",244,"Mitigation",220,201,157,151,156,103,104,77,41,46,33,22,12,11,9,12
"545",245,"Mitigation",194,167,165,132,105,100,104,66,57,50,29,20,15,15,8,6
"546",246,"Mitigation",165,190,150,139,96,91,75,51,48,45,33,22,18,7,7,6
"547",247,"Mitigation",172,167,140,125,103,88,89,57,48,47,26,18,16,10,2,9
"548",248,"Mitigation",138,149,120,105,92,87,63,49,48,29,31,12,11,4,6,2
"549",249,"Mitigation",152,135,116,121,89,79,67,40,48,26,15,13,8,5,2,4
"550",250,"Mitigation",105,101,96,89,98,77,47,48,33,32,30,16,13,5,0,4
"551",251,"Mitigation",118,122,106,88,91,59,65,39,29,27,23,9,4,4,7,7
"552",252,"Mitigation",113,115,95,83,75,69,50,33,29,30,19,14,4,7,7,2
"553",253,"Mitigation",102,117,89,83,65,58,51,33,33,17,13,13,6,6,3,0
"554",254,"Mitigation",74,100,95,66,56,50,39,27,28,18,12,11,4,7,3,4
"555",255,"Mitigation",84,87,62,67,67,49,37,30,17,17,18,8,5,6,1,2
"556",256,"Mitigation",67,91,56,69,55,49,29,26,20,15,7,7,3,1,1,2
"557",257,"Mitigation",78,77,61,60,48,35,33,26,22,14,12,9,3,2,1,3
"558",258,"Mitigation",60,76,49,42,53,39,18,28,22,16,11,8,9,3,2,3
"559",259,"Mitigation",63,49,55,47,45,38,28,25,15,15,11,4,9,4,1,4
"560",260,"Mitigation",63,59,38,34,38,32,24,15,15,20,6,10,3,3,1,3
"561",261,"Mitigation",56,51,39,32,24,35,15,17,12,12,6,1,3,5,3,1
"562",262,"Mitigation",52,59,37,43,27,20,12,13,17,14,7,1,5,3,2,3
"563",263,"Mitigation",45,45,29,42,27,18,16,22,14,5,6,3,3,2,1,0
"564",264,"Mitigation",42,39,35,30,26,26,23,13,12,10,10,1,3,3,0,2
"565",265,"Mitigation",34,42,36,27,27,19,18,11,6,8,5,2,2,4,1,0
"566",266,"Mitigation",33,44,22,24,27,16,13,8,10,16,7,4,0,0,1,0
"567",267,"Mitigation",33,35,26,30,23,26,14,11,7,4,6,6,5,0,0,2
"568",268,"Mitigation",26,30,28,24,19,15,11,13,8,2,1,1,2,0,0,1
"569",269,"Mitigation",27,30,17,13,18,14,9,7,3,5,4,4,1,2,1,2
"570",270,"Mitigation",31,24,25,24,24,16,11,10,10,4,4,5,2,1,0,0
"571",271,"Mitigation",16,20,19,15,17,14,7,9,6,1,5,3,1,0,0,0
"572",272,"Mitigation",21,27,18,13,13,8,10,5,5,5,3,3,1,1,2,0
"573",273,"Mitigation",14,27,12,12,11,12,7,8,9,3,1,4,3,2,0,1
"574",274,"Mitigation",19,18,18,10,8,7,12,7,9,2,5,2,0,0,1,1
"575",275,"Mitigation",16,17,12,18,10,5,5,6,5,1,2,3,2,3,2,0
"576",276,"Mitigation",19,11,13,12,10,12,5,3,7,9,6,1,1,0,0,0
"577",277,"Mitigation",8,10,15,7,11,12,5,6,4,2,4,1,3,4,0,1
"578",278,"Mitigation",5,16,14,6,9,9,6,5,3,3,5,0,0,1,0,0
"579",279,"Mitigation",13,6,13,11,7,8,9,8,1,4,1,2,2,1,0,0
"580",280,"Mitigation",11,11,14,14,4,9,5,3,6,1,1,1,0,0,0,0
"581",281,"Mitigation",11,13,10,6,6,3,7,4,2,1,2,0,2,1,1,0
"582",282,"Mitigation",5,8,11,8,7,8,2,3,2,1,2,0,0,0,0,0
"583",283,"Mitigation",11,12,7,9,8,3,4,4,4,1,1,3,1,2,0,0
"584",284,"Mitigation",6,17,5,7,4,1,5,5,4,1,0,0,0,0,0,0
"585",285,"Mitigation",6,12,6,7,2,6,8,1,2,2,1,0,0,0,1,1
"586",286,"Mitigation",9,8,5,1,5,2,2,6,4,1,1,1,0,0,2,0
"587",287,"Mitigation",9,7,5,3,6,4,2,1,1,2,0,0,2,0,1,1
"588",288,"Mitigation",9,8,5,5,7,3,0,3,1,1,1,0,1,0,1,0
"589",289,"Mitigation",7,5,3,5,2,2,3,1,3,2,2,3,0,0,0,1
"590",290,"Mitigation",1,4,4,4,3,3,2,2,0,7,1,1,0,0,0,0
"591",291,"Mitigation",4,5,0,5,4,2,1,0,1,0,2,0,0,0,0,0
"592",292,"Mitigation",3,6,4,5,3,4,4,1,1,2,0,0,1,0,2,0
"593",293,"Mitigation",7,5,3,3,2,1,3,0,1,0,3,0,0,0,0,0
"594",294,"Mitigation",6,7,7,2,1,7,1,2,1,0,0,0,0,0,0,0
"595",295,"Mitigation",2,4,0,3,2,1,0,0,1,0,0,0,0,1,0,0
"596",296,"Mitigation",3,2,6,4,3,2,4,1,0,1,0,0,0,0,0,1
"597",297,"Mitigation",5,3,6,1,2,2,0,1,3,0,0,0,1,0,1,0
"598",298,"Mitigation",1,2,3,2,3,1,1,1,0,3,0,1,0,0,0,0
"599",299,"Mitigation",2,3,3,0,5,2,0,1,0,0,0,0,1,0,0,0
"600",300,"Mitigation",4,4,2,0,3,1,0,2,1,0,2,0,0,0,0,0
"601",1,"Suppression",0,0,0,0,0,0,0,0,0,0,0,0,0,0,0,0
"602",2,"Suppression",0,0,1,1,0,0,0,0,0,0,0,0,0,0,0,0
"603",3,"Suppression",1,0,0,0,2,1,1,0,0,0,0,0,0,0,0,0
"604",4,"Suppression",0,0,3,3,1,0,1,2,0,0,1,0,0,0,0,0
"605",5,"Suppression",0,1,1,3,2,1,0,1,1,0,0,0,0,0,0,0
"606",6,"Suppression",1,0,3,2,0,3,2,3,2,0,1,1,0,1,0,0
"607",7,"Suppression",0,3,3,2,4,1,1,0,0,0,1,0,0,0,0,0
"608",8,"Suppression",3,3,3,1,1,0,2,2,1,1,0,1,1,0,0,0
"609",9,"Suppression",3,1,2,1,4,0,2,4,1,1,1,4,0,0,0,0
"610",10,"Suppression",6,4,2,3,2,1,2,3,2,3,0,0,3,0,0,0
"611",11,"Suppression",2,5,6,3,2,3,5,5,1,0,1,0,0,0,1,1
"612",12,"Suppression",5,7,7,12,6,2,2,4,5,0,2,1,0,0,3,0
"613",13,"Suppression",11,3,8,7,6,4,1,3,3,2,1,2,1,1,0,0
"614",14,"Suppression",4,8,13,9,5,4,7,5,5,3,1,0,1,0,3,0
"615",15,"Suppression",6,10,19,11,9,8,6,6,5,4,2,4,0,1,0,0
"616",16,"Suppression",8,11,10,24,10,3,6,6,2,0,2,2,1,2,0,0
"617",17,"Suppression",15,19,20,14,9,9,12,7,3,7,4,2,1,0,1,2
"618",18,"Suppression",19,9,24,25,17,3,6,8,4,4,3,8,5,1,2,1
"619",19,"Suppression",16,21,39,24,17,5,16,15,5,9,8,2,2,2,0,2
"620",20,"Suppression",21,27,38,37,23,19,14,15,8,3,9,4,4,6,0,2
"621",21,"Suppression",24,48,46,22,23,18,23,11,15,12,9,4,5,4,3,0
"622",22,"Suppression",34,46,51,41,20,14,25,29,18,9,12,7,11,8,5,1
"623",23,"Suppression",35,55,77,56,27,34,37,28,16,14,10,11,9,7,1,4
"624",24,"Suppression",61,79,71,67,45,36,30,35,22,20,14,11,12,10,3,7
"625",25,"Suppression",59,96,105,80,47,48,43,39,36,17,17,18,15,6,8,5
"626",26,"Suppression",69,121,127,111,60,46,54,40,43,26,13,12,16,9,7,9
"627",27,"Suppression",94,145,159,135,69,58,55,46,35,26,24,15,21,15,14,3
"628",28,"Suppression",110,141,213,145,96,71,76,58,58,45,26,29,18,17,16,12
"629",29,"Suppression",119,202,234,163,122,90,116,95,67,48,32,30,18,13,16,13
"630",30,"Suppression",125,265,288,226,128,103,122,111,68,51,38,35,33,30,20,16
"631",31,"Suppression",205,289,358,285,206,120,131,130,101,58,47,57,30,34,17,18
"632",32,"Suppression",227,351,414,349,226,169,159,162,100,85,65,55,50,37,41,24
"633",33,"Suppression",286,445,507,430,270,220,194,199,173,92,75,70,61,49,40,25
"634",34,"Suppression",352,573,616,512,336,250,283,238,156,100,94,97,83,62,46,34
"635",35,"Suppression",416,633,776,609,400,274,301,280,208,160,98,96,96,57,52,39
"636",36,"Suppression",502,769,933,757,449,371,358,360,276,168,155,123,104,78,70,47
"637",37,"Suppression",612,988,1183,849,594,454,467,419,314,203,169,162,149,98,84,58
"638",38,"Suppression",758,1159,1439,1119,689,563,575,501,392,271,207,174,164,127,85,83
"639",39,"Suppression",926,1455,1695,1383,881,682,707,634,465,316,237,228,191,143,126,84
"640",40,"Suppression",1117,1670,2088,1625,1026,840,823,825,598,396,312,296,239,169,136,97
"641",41,"Suppression",1371,2050,2447,2025,1332,1057,990,914,723,468,419,342,281,235,163,132
"642",42,"Suppression",1696,2621,3143,2427,1551,1243,1266,1192,893,601,472,436,351,290,209,152
"643",43,"Suppression",2043,3073,3641,2939,1955,1463,1458,1420,1073,718,550,480,462,336,220,206
"644",44,"Suppression",2445,3914,4758,3488,2371,1782,1744,1741,1337,860,728,608,552,404,301,234
"645",45,"Suppression",3030,4700,5462,4359,2873,2219,2126,2064,1624,1048,882,700,621,534,338,292
"646",46,"Suppression",3570,5688,6622,5268,3513,2685,2601,2494,1935,1317,1061,877,747,598,424,358
"647",47,"Suppression",4563,6796,8027,6203,4247,3332,3256,3069,2377,1531,1203,1067,899,753,509,419
"648",48,"Suppression",5439,8390,9717,7705,5112,3927,3969,3710,2816,1888,1461,1318,1070,908,682,505
"649",49,"Suppression",6627,10019,11883,9302,6245,4745,4743,4409,3504,2291,1729,1614,1386,1099,793,612
"650",50,"Suppression",8034,12187,14199,11106,7495,5799,5750,5375,4164,2680,2135,1882,1569,1349,968,745
"651",51,"Suppression",9703,14665,17165,13384,9004,6941,6763,6438,4873,3283,2651,2327,1904,1537,1128,914
"652",52,"Suppression",11615,17529,20349,16352,10736,8247,8205,7742,5954,4002,3202,2784,2377,1924,1268,1058
"653",53,"Suppression",13887,21041,24530,19444,13134,10134,9841,9366,7306,4814,3704,3334,2912,2257,1553,1235
"654",54,"Suppression",16857,25425,29098,23053,15583,12051,11805,11062,8619,5637,4552,4049,3340,2690,1861,1525
"655",55,"Suppression",20271,30267,34597,27377,18630,14249,13911,13227,10044,6696,5327,4682,3973,3063,2265,1772
"656",56,"Suppression",24070,35150,41117,32588,21902,16981,16491,15777,11922,8104,6271,5475,4628,3672,2668,2090
"657",57,"Suppression",28270,42117,48294,38599,25911,20218,19675,18323,14264,9541,7369,6439,5410,4187,3096,2340
"658",58,"Suppression",33616,49073,56129,44204,30330,23636,22683,21764,16455,11014,8640,7680,6160,4783,3606,2888
"659",59,"Suppression",38482,55244,62483,50074,34189,26704,25749,23968,18489,12308,9690,8432,6937,5474,3781,3243
"660",60,"Suppression",39008,55282,62428,49590,34243,26363,25745,23661,18713,12246,9523,8396,6867,5424,3815,3208
"661",61,"Suppression",36340,52187,58149,46896,32018,25116,23886,22381,17442,11833,9081,7716,6440,4833,3515,2905
"662",62,"Suppression",33406,47851,53562,42955,29605,23072,22155,20233,15831,10985,8246,7204,5906,4639,3192,2697
"663",63,"Suppression",30708,43556,48188,38783,27007,21104,19968,18520,14647,10075,7543,6557,5365,4059,2838,2447
"664",64,"Suppression",28207,39679,44020,35244,24521,19367,18204,16875,13106,9100,6909,6041,4816,3652,2663,2248
"665",65,"Suppression",26122,36498,39819,32247,22426,17633,16603,15295,12036,8130,6194,5465,4472,3418,2377,1942
"666",66,"Suppression",24005,33452,36514,29601,20714,16233,15430,14185,11187,7564,5809,5023,4044,2957,2016,1765
"667",67,"Suppression",22449,30618,33644,26861,19098,15068,13939,12932,10230,6981,5340,4555,3556,2715,1930,1640
"668",68,"Suppression",20365,28301,30488,24812,17724,13608,12978,11919,9279,6466,4884,4170,3330,2495,1752,1495
"669",69,"Suppression",18841,26365,27930,22726,16055,12921,11841,10814,8521,5865,4395,3825,3088,2245,1541,1418
"670",70,"Suppression",17401,23744,25419,21134,14945,11796,11084,9945,7821,5483,4080,3453,2748,1982,1451,1288
"671",71,"Suppression",16130,21757,23329,19070,13594,10840,10030,9078,7103,4998,3725,3148,2546,1866,1290,1151
"672",72,"Suppression",14995,20199,21354,17461,12410,9969,9195,8363,6552,4428,3463,2945,2199,1792,1186,1069
"673",73,"Suppression",13662,18521,19273,15794,11507,9052,8335,7697,5936,4137,3111,2657,2182,1569,994,916
"674",74,"Suppression",12610,16781,17859,14583,10616,8307,7779,6979,5417,3822,2898,2388,1848,1408,942,843
"675",75,"Suppression",11475,15330,16164,13200,9448,7644,6971,6380,5119,3352,2709,2267,1740,1301,887,749
"676",76,"Suppression",10607,14044,14718,12309,8750,6927,6470,5749,4555,3178,2364,2018,1560,1222,749,766
"677",77,"Suppression",9838,12835,13615,11086,8049,6550,5979,5366,4177,2856,2203,1784,1334,1016,718,664
"678",78,"Suppression",8743,11791,12245,10026,7332,5739,5528,4805,3785,2612,1991,1683,1327,1006,656,581
"679",79,"Suppression",8125,10509,11098,9289,6868,5206,4898,4488,3472,2347,1859,1491,1229,797,622,590
"680",80,"Suppression",7572,9485,10307,8482,6132,4806,4519,4098,3165,2213,1625,1383,1106,774,563,450
"681",81,"Suppression",6658,8866,9255,7597,5643,4344,4061,3527,2828,1967,1527,1164,986,659,459,435
"682",82,"Suppression",6130,7961,8211,6813,5023,4078,3673,3333,2676,1736,1361,1169,866,664,473,389
"683",83,"Suppression",5697,7161,7614,6225,4737,3721,3388,3049,2323,1640,1214,1002,766,584,391,374
"684",84,"Suppression",5145,6747,6781,5659,4177,3326,2978,2889,2134,1498,1091,934,692,543,392,309
"685",85,"Suppression",4683,5932,6320,5157,3838,2995,2720,2506,1981,1412,1080,913,676,479,333,289
"686",86,"Suppression",4332,5506,5738,4849,3387,2699,2562,2296,1766,1185,898,726,631,427,291,258
"687",87,"Suppression",3927,5022,5213,4316,3222,2509,2257,2161,1634,1106,861,707,578,426,269,258
"688",88,"Suppression",3507,4476,4754,3815,2847,2240,1981,1893,1444,1015,780,666,518,357,258,225
"689",89,"Suppression",3268,4133,4360,3605,2642,1992,1905,1737,1329,899,710,547,444,308,230,193
"690",90,"Suppression",2867,3669,3742,3225,2301,1898,1772,1592,1199,897,679,516,393,295,198,183
"691",91,"Suppression",2710,3477,3509,2917,2211,1674,1517,1469,1122,827,565,435,337,296,185,171
"692",92,"Suppression",2394,3075,3207,2525,1930,1558,1347,1298,1072,711,503,439,338,252,156,164
"693",93,"Suppression",2174,2773,2926,2364,1722,1413,1302,1156,917,627,498,367,320,246,131,141
"694",94,"Suppression",2047,2516,2530,2086,1605,1273,1165,982,794,582,415,345,251,202,144,129
"695",95,"Suppression",1771,2354,2395,1984,1424,1163,1097,960,737,495,409,368,273,191,119,106
"696",96,"Suppression",1583,2218,2160,1844,1353,1032,986,797,685,457,361,307,222,172,110,89
"697",97,"Suppression",1477,1892,1895,1632,1218,935,925,822,656,412,352,249,201,149,100,103
"698",98,"Suppression",1401,1767,1781,1464,1080,879,808,706,560,421,302,249,194,123,87,76
"699",99,"Suppression",1230,1564,1654,1389,985,841,680,625,521,358,269,224,163,115,91,84
"700",100,"Suppression",1137,1464,1444,1217,950,733,677,577,445,290,217,200,167,112,69,80
"701",101,"Suppression",1003,1346,1329,1143,836,656,635,506,409,278,201,169,153,102,69,59
"702",102,"Suppression",938,1185,1216,1008,706,604,531,480,383,248,235,148,117,102,59,47
"703",103,"Suppression",845,1044,1074,916,697,555,505,432,337,245,173,161,88,82,53,43
"704",104,"Suppression",795,965,965,906,612,478,445,390,310,221,182,129,113,79,55,58
"705",105,"Suppression",674,934,914,744,585,434,387,370,245,195,159,132,93,76,48,44
"706",106,"Suppression",638,798,842,659,522,419,358,316,264,198,146,90,108,60,50,41
"707",107,"Suppression",531,721,767,577,435,337,318,305,234,169,122,97,80,48,36,26
"708",108,"Suppression",541,629,678,531,396,336,286,305,219,146,113,79,83,46,20,26
"709",109,"Suppression",475,624,568,520,361,317,259,255,187,140,90,90,71,40,22,29
"710",110,"Suppression",440,510,522,459,302,288,254,210,198,120,83,85,70,44,24,34
"711",111,"Suppression",387,447,497,406,288,241,219,221,148,123,86,74,57,46,24,30
"712",112,"Suppression",336,473,436,400,282,183,228,174,142,99,97,53,52,37,21,19
"713",113,"Suppression",338,385,409,385,259,201,187,161,123,68,69,56,41,30,21,19
"714",114,"Suppression",305,377,367,336,213,178,153,157,111,85,63,46,35,31,19,18
"715",115,"Suppression",262,308,325,273,195,157,131,132,106,82,57,53,33,27,27,17
"716",116,"Suppression",238,306,290,231,189,150,139,125,87,67,37,45,30,24,11,16
"717",117,"Suppression",212,270,283,246,195,138,146,103,102,70,52,34,37,16,16,13
"718",118,"Suppression",199,266,271,203,149,96,108,102,76,62,36,29,16,18,7,13
"719",119,"Suppression",185,223,214,180,153,114,107,83,75,41,38,31,29,17,16,17
"720",120,"Suppression",162,198,220,195,109,117,82,85,82,36,35,29,20,18,17,13
"721",121,"Suppression",144,158,222,147,111,87,94,73,60,40,36,22,24,22,8,10
"722",122,"Suppression",124,168,178,143,120,85,77,65,54,39,33,15,14,8,15,10
"723",123,"Suppression",118,162,164,129,114,65,68,58,47,25,18,15,8,6,6,6
"724",124,"Suppression",115,142,135,107,96,75,64,60,49,36,21,12,11,8,7,7
"725",125,"Suppression",89,136,132,98,94,59,74,56,41,34,27,13,14,14,6,6
"726",126,"Suppression",97,105,124,95,67,52,57,50,47,27,13,16,11,11,3,7
"727",127,"Suppression",91,87,94,87,59,47,51,33,28,25,15,9,9,7,2,3
"728",128,"Suppression",67,110,97,93,63,40,43,33,32,14,23,16,10,4,6,5
"729",129,"Suppression",59,79,89,91,48,40,54,33,22,21,15,13,9,8,3,3
"730",130,"Suppression",66,68,97,66,53,35,35,41,25,18,7,18,14,5,1,1
"731",131,"Suppression",45,67,73,68,41,46,43,27,22,19,15,15,7,8,7,4
"732",132,"Suppression",47,64,63,61,40,28,21,31,15,16,12,14,3,8,2,4
"733",133,"Suppression",44,57,61,44,35,37,32,21,24,12,9,12,4,7,7,1
"734",134,"Suppression",52,50,68,40,39,28,24,20,21,8,4,3,7,4,3,1
"735",135,"Suppression",27,41,55,38,26,21,26,25,19,9,6,4,5,1,2,0
"736",136,"Suppression",34,47,49,37,17,17,13,18,12,13,4,4,4,5,2,2
"737",137,"Suppression",32,33,32,42,38,24,14,12,11,8,5,3,1,5,2,0
"738",138,"Suppression",17,41,37,36,21,18,13,15,13,11,3,2,0,7,1,2
"739",139,"Suppression",25,31,36,29,21,15,14,10,13,6,3,5,7,2,4,1
"740",140,"Suppression",28,18,28,20,18,14,16,15,14,3,1,6,5,3,2,2
"741",141,"Suppression",20,31,19,24,15,18,10,6,7,3,4,3,2,4,2,1
"742",142,"Suppression",20,24,24,21,16,11,5,10,9,6,5,4,0,3,0,0
"743",143,"Suppression",16,27,19,19,14,9,9,11,5,5,4,2,3,2,2,0
"744",144,"Suppression",15,14,17,17,8,7,7,11,3,5,8,3,1,1,0,1
"745",145,"Suppression",8,22,12,16,12,6,12,7,5,4,4,1,3,0,2,1
"746",146,"Suppression",4,21,13,14,10,6,15,6,7,5,1,3,2,2,0,0
"747",147,"Suppression",14,11,10,14,12,7,4,7,9,2,2,1,2,0,0,1
"748",148,"Suppression",9,15,11,11,12,8,3,4,7,1,1,4,1,0,1,3
"749",149,"Suppression",6,17,14,9,9,7,4,5,4,2,2,0,2,2,0,1
"750",150,"Suppression",9,10,17,7,10,2,9,3,2,6,0,3,1,1,0,0
"751",151,"Suppression",7,10,8,10,5,4,2,2,4,1,1,1,0,1,0,1
"752",152,"Suppression",6,9,7,6,2,1,2,3,2,1,1,0,1,1,1,1
"753",153,"Suppression",3,11,12,11,7,4,3,4,3,2,1,1,1,0,1,0
"754",154,"Suppression",5,7,10,5,9,3,5,1,2,0,2,1,1,0,0,0
"755",155,"Suppression",4,12,3,9,5,2,2,2,4,1,3,1,0,0,0,0
"756",156,"Suppression",3,11,2,4,2,6,2,3,2,1,0,0,2,0,0,0
"757",157,"Suppression",3,5,6,5,4,3,2,1,1,0,0,0,1,1,0,0
"758",158,"Suppression",5,3,3,6,2,2,0,1,1,0,2,0,1,0,2,1
"759",159,"Suppression",3,5,5,2,5,2,4,3,3,0,1,1,0,0,0,0
"760",160,"Suppression",4,2,8,3,0,1,1,2,1,0,1,0,0,0,0,1
"761",161,"Suppression",2,3,4,4,4,5,1,3,1,0,3,0,0,0,0,1
"762",162,"Suppression",0,5,5,4,1,0,5,3,0,0,0,0,1,0,1,0
"763",163,"Suppression",2,3,1,1,3,1,3,0,2,2,0,0,0,0,0,0
"764",164,"Suppression",3,3,6,6,1,1,1,1,1,0,0,0,0,0,0,0
"765",165,"Suppression",0,3,1,2,1,0,1,1,1,0,3,3,0,1,0,0
"766",166,"Suppression",2,4,4,4,1,2,5,1,0,0,0,0,1,1,0,0
"767",167,"Suppression",4,4,3,2,4,4,0,1,1,1,0,0,0,0,0,1
"768",168,"Suppression",1,3,1,2,2,0,0,0,0,0,0,1,0,0,0,0
"769",169,"Suppression",3,0,1,4,1,2,1,0,0,1,1,0,0,0,0,0
"770",170,"Suppression",1,1,2,3,0,0,0,3,1,0,0,0,0,0,1,0
"771",171,"Suppression",1,2,0,6,0,0,0,1,0,0,2,0,0,0,0,0
"772",172,"Suppression",1,3,2,4,2,0,1,0,1,0,0,0,0,0,0,0
"773",173,"Suppression",0,1,0,0,0,1,1,1,0,0,0,0,0,0,0,0
"774",174,"Suppression",0,3,1,3,0,0,1,1,2,1,0,1,0,0,0,0
"775",175,"Suppression",1,4,0,2,1,1,0,0,0,0,0,0,0,0,0,0
"776",176,"Suppression",2,0,1,2,0,1,0,0,0,0,0,0,0,1,0,0
"777",177,"Suppression",0,2,1,0,1,0,1,0,0,0,0,0,0,0,0,0
"778",178,"Suppression",0,4,0,0,1,1,1,0,0,0,0,1,0,0,0,0
"779",179,"Suppression",2,1,1,1,0,0,1,1,0,0,0,0,0,0,0,0
"780",180,"Suppression",1,1,0,0,1,0,0,2,1,0,0,0,0,0,0,0
"781",181,"Suppression",0,0,1,0,0,2,0,0,0,1,0,0,0,0,0,1
"782",182,"Suppression",1,0,0,0,1,1,0,1,0,0,0,0,0,0,0,0
"783",183,"Suppression",2,4,0,0,0,0,0,0,0,0,0,0,0,0,0,0
"784",184,"Suppression",0,1,1,2,1,0,0,0,0,0,1,0,0,0,0,0
"785",185,"Suppression",1,0,0,0,1,1,0,0,0,0,0,0,0,0,0,0
"786",186,"Suppression",0,1,0,0,0,1,0,0,0,0,0,0,0,0,0,0
"787",187,"Suppression",1,1,0,1,0,1,0,0,0,0,0,0,0,0,0,0
"788",188,"Suppression",0,1,0,0,0,0,1,0,1,0,0,0,0,0,0,0
"789",189,"Suppression",0,1,1,0,0,0,0,0,0,0,0,0,0,0,0,0
"790",190,"Suppression",0,1,1,0,1,0,0,0,0,0,0,0,0,0,0,0
"791",191,"Suppression",1,0,0,1,0,0,0,0,0,0,0,0,0,0,0,0
"792",192,"Suppression",1,0,0,0,0,0,0,0,0,0,0,0,0,0,0,0
"793",193,"Suppression",0,0,0,0,0,0,0,0,0,0,0,0,0,0,0,0
"794",194,"Suppression",0,0,1,0,0,0,0,0,0,1,0,0,0,0,0,0
"795",195,"Suppression",0,0,0,0,0,0,0,1,0,1,0,0,1,0,0,0
"796",196,"Suppression",0,1,0,0,1,0,0,0,0,0,0,0,0,0,0,0
"797",197,"Suppression",0,0,0,0,0,0,0,0,0,0,0,0,0,0,0,0
"798",198,"Suppression",0,0,0,1,0,0,1,1,0,0,0,0,0,0,0,0
"799",199,"Suppression",0,0,0,0,0,0,0,0,0,0,0,0,0,0,0,0
"800",200,"Suppression",0,0,0,0,0,0,0,0,0,0,0,0,0,0,0,0
"801",201,"Suppression",0,1,0,0,0,0,0,0,0,0,0,0,0,0,0,0
"802",202,"Suppression",0,0,0,1,0,0,0,0,0,0,0,0,0,0,0,0
"803",203,"Suppression",0,0,0,0,0,0,0,0,0,0,0,0,0,0,0,0
"804",204,"Suppression",0,0,0,0,0,0,0,0,0,0,0,0,0,0,0,0
"805",205,"Suppression",0,0,0,0,0,0,0,0,0,0,0,0,0,0,0,0
"806",206,"Suppression",0,0,0,0,0,0,0,0,0,0,0,0,0,0,0,0
"807",207,"Suppression",0,0,0,0,0,0,0,0,0,0,0,0,0,0,0,0
"808",208,"Suppression",0,0,0,0,0,0,0,0,0,0,0,1,0,0,0,0
"809",209,"Suppression",0,0,0,0,0,0,0,0,0,0,0,0,0,0,0,0
"810",210,"Suppression",0,0,0,0,0,0,0,0,0,0,0,0,0,0,0,0
"811",211,"Suppression",0,0,0,0,0,0,0,0,0,0,0,0,0,0,0,0
"812",212,"Suppression",0,0,0,0,0,0,0,0,0,0,0,0,0,0,0,0
"813",213,"Suppression",0,0,0,0,0,0,0,0,0,0,0,0,0,0,0,0
"814",214,"Suppression",0,1,0,0,0,0,0,0,0,0,0,0,0,0,0,0
"815",215,"Suppression",0,0,0,0,0,0,0,0,0,0,0,0,0,0,0,0
"816",216,"Suppression",0,0,0,0,0,0,0,0,0,0,0,0,0,0,0,0
"817",217,"Suppression",0,0,0,0,0,0,0,0,0,0,0,0,0,0,0,0
"818",218,"Suppression",0,0,0,0,0,0,0,0,0,0,0,0,0,0,0,0
"819",219,"Suppression",0,0,0,0,0,0,0,0,0,0,0,0,0,0,0,0
"820",220,"Suppression",0,0,0,0,0,0,0,0,0,0,0,0,0,0,0,0
"821",221,"Suppression",0,0,0,1,0,0,0,0,0,0,0,0,0,0,0,0
"822",222,"Suppression",0,0,0,0,0,0,0,0,0,0,0,0,0,0,0,0
"823",223,"Suppression",0,0,0,0,0,0,0,0,0,0,0,0,0,0,0,0
"824",224,"Suppression",0,0,0,0,0,0,0,0,0,0,0,0,0,0,0,0
"825",225,"Suppression",0,0,0,0,0,0,0,0,0,0,0,0,0,0,0,0
"826",226,"Suppression",0,0,0,0,0,0,0,0,0,0,0,0,0,0,0,0
"827",227,"Suppression",0,0,0,0,0,0,0,0,0,0,0,0,0,0,0,0
"828",228,"Suppression",0,0,0,0,0,0,0,0,0,0,0,0,0,0,0,0
"829",229,"Suppression",0,0,0,0,0,0,0,0,0,0,0,0,0,0,0,0
"830",230,"Suppression",0,0,0,0,0,0,0,0,0,0,0,0,0,0,0,0
"831",231,"Suppression",0,0,0,0,0,0,0,0,0,0,0,0,0,0,0,0
"832",232,"Suppression",0,0,0,0,0,0,0,0,0,0,0,0,0,0,0,0
"833",233,"Suppression",0,0,0,0,0,0,0,0,0,0,0,0,0,0,0,0
"834",234,"Suppression",0,0,0,0,0,0,0,0,0,0,0,0,0,0,0,0
"835",235,"Suppression",0,0,0,0,0,0,0,0,0,0,0,0,0,0,0,0
"836",236,"Suppression",0,0,0,0,0,0,0,0,0,0,0,0,0,0,0,0
"837",237,"Suppression",0,0,0,0,0,0,0,0,0,0,0,0,0,0,0,0
"838",238,"Suppression",0,0,0,0,0,0,0,0,0,0,0,0,0,0,0,0
"839",239,"Suppression",0,0,0,0,0,0,0,0,0,0,0,0,0,0,0,0
"840",240,"Suppression",0,0,0,0,0,0,0,0,0,0,0,0,0,0,0,0
"841",241,"Suppression",0,0,0,0,0,0,0,0,0,0,0,0,0,0,0,0
"842",242,"Suppression",0,0,0,0,0,0,0,0,0,0,0,0,0,0,0,0
"843",243,"Suppression",0,0,0,0,0,0,0,0,0,0,0,0,0,0,0,0
"844",244,"Suppression",0,0,0,0,0,0,0,0,0,0,0,0,0,0,0,0
"845",245,"Suppression",0,0,0,0,0,0,0,0,0,0,0,0,0,0,0,0
"846",246,"Suppression",0,0,0,0,0,0,0,0,0,0,0,0,0,0,0,0
"847",247,"Suppression",0,0,0,0,0,0,0,0,0,0,0,0,0,0,0,0
"848",248,"Suppression",0,0,0,0,0,0,0,0,0,0,0,0,0,0,0,0
"849",249,"Suppression",0,0,0,0,0,0,0,0,0,0,0,0,0,0,0,0
"850",250,"Suppression",0,0,0,0,0,0,0,0,0,0,0,0,0,0,0,0
"851",251,"Suppression",0,0,0,0,0,0,0,0,0,0,0,0,0,0,0,0
"852",252,"Suppression",0,0,0,0,0,0,0,0,0,0,0,0,0,0,0,0
"853",253,"Suppression",0,0,0,0,0,0,0,0,0,0,0,0,0,0,0,0
"854",254,"Suppression",0,0,0,0,0,0,0,0,0,0,0,0,0,0,0,0
"855",255,"Suppression",0,0,0,0,0,0,0,0,0,0,0,0,0,0,0,0
"856",256,"Suppression",0,0,0,0,0,0,0,0,0,0,0,0,0,0,0,0
"857",257,"Suppression",0,0,0,0,0,0,0,0,0,0,0,0,0,0,0,0
"858",258,"Suppression",0,0,0,0,0,0,0,0,0,0,0,0,0,0,0,0
"859",259,"Suppression",0,0,0,0,0,0,0,0,0,0,0,0,0,0,0,0
"860",260,"Suppression",0,0,0,0,0,0,0,0,0,0,0,0,0,0,0,0
"861",261,"Suppression",0,0,0,0,0,0,0,0,0,0,0,0,0,0,0,0
"862",262,"Suppression",0,0,0,0,0,0,0,0,0,0,0,0,0,0,0,0
"863",263,"Suppression",0,0,0,0,0,0,0,0,0,0,0,0,0,0,0,0
"864",264,"Suppression",0,0,0,0,0,0,0,0,0,0,0,0,0,0,0,0
"865",265,"Suppression",0,0,0,0,0,0,0,0,0,0,0,0,0,0,0,0
"866",266,"Suppression",0,0,0,0,0,0,0,0,0,0,0,0,0,0,0,0
"867",267,"Suppression",0,0,0,0,0,0,0,0,0,0,0,0,0,0,0,0
"868",268,"Suppression",0,0,0,0,0,0,0,0,0,0,0,0,0,0,0,0
"869",269,"Suppression",0,0,0,0,0,0,0,0,0,0,0,0,0,0,0,0
"870",270,"Suppression",0,0,0,0,0,0,0,0,0,0,0,0,0,0,0,0
"871",271,"Suppression",0,0,0,0,0,0,0,0,0,0,0,0,0,0,0,0
"872",272,"Suppression",0,0,0,0,0,0,0,0,0,0,0,0,0,0,0,0
"873",273,"Suppression",0,0,0,0,0,0,0,0,0,0,0,0,0,0,0,0
"874",274,"Suppression",0,0,0,0,0,0,0,0,0,0,0,0,0,0,0,0
"875",275,"Suppression",0,0,0,0,0,0,0,0,0,0,0,0,0,0,0,0
"876",276,"Suppression",0,0,0,0,0,0,0,0,0,0,0,0,0,0,0,0
"877",277,"Suppression",0,0,0,0,0,0,0,0,0,0,0,0,0,0,0,0
"878",278,"Suppression",0,0,0,0,0,0,0,0,0,0,0,0,0,0,0,0
"879",279,"Suppression",0,0,0,0,0,0,0,0,0,0,0,0,0,0,0,0
"880",280,"Suppression",0,0,0,0,0,0,0,0,0,0,0,0,0,0,0,0
"881",281,"Suppression",0,0,0,0,0,0,0,0,0,0,0,0,0,0,0,0
"882",282,"Suppression",0,0,0,0,0,0,0,0,0,0,0,0,0,0,0,0
"883",283,"Suppression",0,0,0,0,0,0,0,0,0,0,0,0,0,0,0,0
"884",284,"Suppression",0,0,0,0,0,0,0,0,0,0,0,0,0,0,0,0
"885",285,"Suppression",0,0,0,0,0,0,0,0,0,0,0,0,0,0,0,0
"886",286,"Suppression",0,0,0,0,0,0,0,0,0,0,0,0,0,0,0,0
"887",287,"Suppression",0,0,0,0,0,0,0,0,0,0,0,0,0,0,0,0
"888",288,"Suppression",0,0,0,0,0,0,0,0,0,0,0,0,0,0,0,0
"889",289,"Suppression",0,0,0,0,0,0,0,0,0,0,0,0,0,0,0,0
"890",290,"Suppression",0,0,0,0,0,0,0,0,0,0,0,0,0,0,0,0
"891",291,"Suppression",0,0,0,0,0,0,0,0,0,0,0,0,0,0,0,0
"892",292,"Suppression",0,0,0,0,0,0,0,0,0,0,0,0,0,0,0,0
"893",293,"Suppression",0,0,0,0,0,0,0,0,0,0,0,0,0,0,0,0
"894",294,"Suppression",0,0,0,0,0,0,0,0,0,0,0,0,0,0,0,0
"895",295,"Suppression",0,0,0,0,0,0,0,0,0,0,0,0,0,0,0,0
"896",296,"Suppression",0,0,0,0,0,0,0,0,0,0,0,0,0,0,0,0
"897",297,"Suppression",0,0,0,0,0,0,0,0,0,0,0,0,0,0,0,0
"898",298,"Suppression",0,0,0,0,0,0,0,0,0,0,0,0,0,0,0,0
"899",299,"Suppression",0,0,0,0,0,0,0,0,0,0,0,0,0,0,0,0
"900",300,"Suppression",0,0,0,0,0,0,0,0,0,0,0,0,0,0,0,0
