country_code,1960,1961,1962,1963,1964,1965,1966,1967,1968,1969,1970,1971,1972,1973,1974,1975,1976,1977,1978,1979,1980,1981,1982,1983,1984,1985,1986,1987,1988,1989,1990,1991,1992,1993,1994,1995,1996,1997,1998,1999,2000,2001,2002,2003,2004,2005,2006,2007,2008,2009,2010,2011,2012,2013,2014,2015,2016,2017,2018,2019
ABW,,,,,,,,,,,,,,,,,,,,,,,,,,,,,,,,,,,,,,,,1.011919975,0.99266,0.99949,0.989,0.97706,0.95291,0.96339,0.96798,0.98676,1.00561,1.00444,1.0146,1.00871,1.02156,,,,,,,
AFG,,,,,,,,,,,0.167199999,0.161200002,0.160840005,0.168740004,0.166950002,0.173899993,0.180629998,0.192279994,0.198829994,,,0.242229998,0.483579993,,0.469949991,0.476029992,0.530939996,,0.499659985,,,0.537060022,,0.361770004,0.432000011,0.474040002,,,,,,0,,0.54426,0.40582,0.54769,0.57323,0.5672,0.58602,0.60961,0.62581,0.66345,0.66925,0.65533,0.65402,0.64754,,0.64621,,
AGO,,,,,,,,,,,,0.640190005,0.656719983,,,,,,,,,,0.826059997,0.787509978,,,,,,,,,,,,,,,0.819149971,,,,,,,,,,0.83309,0.8234,0.77763,0.63032,,,,,,,,
ALB,,,,,,,,,,,,,,,,,0.922879994,,0.924769998,0.929279983,0.919539988,0.915809989,0.927450001,0.953499973,0.945689976,0.935949981,0.936429977,0.940090001,0.954760015,0.954240024,0.946529984,0.949710011,1.012799978,1.043849945,1.005259991,0.981710017,0.986419976,0.969780028,,0.968180001,0.97621,0.98732,,,0.9802,0.97804,0.98504,0.99687,0.99979,1.01781,1.00569,1.00029,0.9901,0.98159,0.97668,0.98242,0.99355,1.00432,1.0173,
AND,,,,,,,,,,,,,,,,1.148929954,,,,,,,,1.025050044,,,,,,,,,,,,,,,,,,,,,,,,,,,,,,,,,,,,
ARB,,,,,,,,,,,0.618920028,0.617470026,0.623520017,0.630850017,0.63805002,0.642700016,0.651499987,0.66237998,0.671169996,0.691779971,0.70332998,0.715489984,0.725549996,0.733430028,0.740559995,0.749610007,0.758300006,0.76770997,0.771229982,0.782559991,0.793070018,0.799600005,0.813440025,0.821080029,0.824169993,0.837750018,0.822809994,0.846029997,0.857179999,0.868420005,0.87729001,0.886300027,0.895259976,0.903349996,0.906939983,0.913670003,0.917309999,0.920419991,0.923160017,0.924130023,0.92543,0.92372,0.92969,0.93009,0.93132,0.93496,0.93578,0.93879,0.94112,
ARE,,,,,,,,,,,,,,0.828800023,0.926050007,0.933759987,0.943620026,1.013620019,1.048099995,1.029080033,0.991550028,0.948769987,0.966000021,0.958289981,0.947870016,0.947380006,0.963689983,1.004050016,1.025400043,1.03708005,1.040279984,1.036689997,1.036929965,1.035830021,1.019960046,1.005900025,,1.032699943,1.04685998,,,,,,,,,,,,,,,,,,0.96095,0.95133,,
ARG,,,,,,,,,,,1.033830047,1.024739981,1.011950016,1.013779998,1.00782001,1.010619998,1.012230039,1.018519998,1.031829953,1.020990014,1.024399996,1.022779942,1.009160042,,1.011940002,1.021049976,1.007009983,1.007760048,1.04745996,,,,,,,,1.019279957,1.02105999,1.008990049,1.022969961,1.01587,1.01779,1.0181,1.02208,1.02779,1.033,1.04022,1.04638,1.05001,1.04754,1.03598,1.0402,1.03461,1.03136,1.03123,1.02838,1.02081,1.01963,,
ARM,,,,,,,,,,,,,,,,,,,,,,,,,,,,,,,,,,,,,,,,,1.07114,,,,,,,1.00601,0.99567,0.9899,0.99522,1.00772,,1.02907,1.04034,1.03799,,,1.02283,
ASM,,,,,,,,,,,,,,,,,,,,,,,,,,,,,,,,,,,,,,,,,,,,,,,,,,,,,,,,,,,,
ATG,,,,,,,,,,,,,,,1.167969942,1.035580039,,1.044589996,0.839510024,,,,,,,,,,,,,,0.979719996,,,,,,,,,,,,,,,0.98364,0.96502,0.99024,0.97177,0.96444,1.03904,,0.97434,0.99004,,0.97936,0.97924,
AUS,,,,,,,,,,,,,,,,,,,,,,,,,,,,,,,,,,1.000470042,0.996439993,0.995710015,0.997550011,1.019989967,,,,,,,,,,,,,,,,,,0.92526,0.92517,0.93754,,
AUT,,,,,,,,,,,,0.935630023,,,,,0.925040007,,,,,0.925480008,0.935090005,0.930199981,0.930419981,0.946359992,0.931739986,0.926389992,0.931770027,0.944019973,0.940590024,0.946959972,0.946590006,0.951439977,0.955340028,0.955839992,0.960539997,0.965650022,0.961279988,0.966949999,0.96969,0.96958,0.96443,0.96342,0.96304,0.96625,0.96986,0.96881,0.9656,0.96524,0.96872,0.97008,0.97157,0.97297,0.97232,0.97283,0.97199,0.97173,,
AZE,,,,,,,,,,,,,,,,,,,,,,,,,,,,,,,,0.996630013,0.983900011,0.961260021,0.93900001,1.059919953,1.060050011,1.030290008,,,,,,,,,,,,,,,,,,,,,1.00262,
BDI,,,,,,,,,,,,0.470360011,0.48348999,0.54132998,0.56625998,0.574599981,0.593739986,0.609990001,0.605170012,0.618290007,0.620220006,0.621330023,0.607990026,0.616890013,0.636619985,0.661130011,0.683319986,0.714219987,0.756709993,0.773310006,0.781930029,0.811129987,0.794040024,0.796620011,,,,,,,,,,0.7973,0.81838,0.83756,0.88422,0.89849,,0.92613,0.93882,0.95414,0.96371,0.97228,0.99295,1.00404,1.01382,1.02149,1.0343,
BEL,,,,,,,,,,,,0.98398,0.981949985,0.996519983,0.99071002,0.995079994,0.99612999,1.00327003,1.006420016,1.009709954,1.012310028,1.015669942,1.013640046,1.023030043,1.017269969,1.018859982,1.012910008,1.014019966,1.013640046,1.014520049,1.016890049,1.019299984,1.017099977,1.037469983,1.037940025,1.045320034,1.043359995,,,1.041759968,1.05728,1.06342,1.06831,1.05752,1.05655,1.06992,1.07475,1.07981,1.08786,1.08961,1.08339,1.0819,1.08252,1.08219,1.07985,1.08055,1.06966,1.07024,,
BEN,,,,,,,,,,,,0.445650011,,0.454560012,0.446359992,0.445300013,,0.43979001,,,,,,,,0.478969991,0.48229,0.486829996,,,,,,,,,,,,0.61461997,0.63333,0.64629,0.66145,0.67315,0.69451,,,,,,,0.80969,,0.83489,0.8479,0.85927,0.87708,,,
BFA,,,,,,,,,,,,0.568300009,0.578840017,0.58563,0.589640021,0.595619977,0.589559972,0.577040017,,0.586889982,0.600679994,0.589290023,0.59246999,0.588440001,0.588490009,0.591040015,0.589219987,,,,,,,,0.63894999,,,,,0.684109986,0.70023,0.71276,,0.73722,0.7666,0.78233,0.79949,0.81793,0.83998,0.85607,0.87711,0.89341,0.91462,0.93689,0.9483,0.96035,0.97131,0.98214,0.98913,
BGD,,,,,,,,,,,,,,0.500899971,,,0.498580009,0.526970029,,0.5176,0.530789971,0.56941998,,,0.616020024,0.607200027,0.627960026,0.623650014,0.716489971,0.726050019,0.753639996,,,,,,,,,,,,,,,1.05332,1.05578,1.0643,1.08539,1.05959,1.08595,,,,,,,,1.11591,
BGR,,,,,,,,,,,,0.986570001,0.992079973,0.993820012,0.99612999,1.000460029,0.984040022,0.996439993,0.986429989,0.985220015,0.98435998,0.993120015,0.995989978,0.995800018,0.996850014,0.995700002,0.995580018,0.99308002,0.99368,0.990260005,0.991670012,0.994490027,0.995500028,0.992950022,0.997579992,0.994859993,0.988250017,0.990040004,0.981289983,0.979120016,0.97697,0.97728,0.97835,0.97846,0.96894,0.96795,0.96899,0.96905,0.97705,0.97656,0.97026,0.96631,0.96958,0.96694,0.9746,0.97546,0.97623,,,
BHR,,,,,,,,,,,,0.729499996,0.770820022,0.788590014,0.806379974,0.816209972,0.828379989,0.837880015,0.844359994,0.841650009,0.849319994,0.852649987,0.86176002,0.908990026,0.93809998,0.967490017,0.989109993,0.995060027,0.999239981,1.010139942,1.027819991,1.024389982,1.036409974,1.039600015,1.037199974,1.023020029,1.018939972,1.025159955,1.024639964,1.024600029,1.02969,1.05332,1.06584,1.07104,1.06942,1.06913,1.07209,,,,,0.99866,1.01333,1.01446,1.00919,1.00213,1.01494,1.01399,1.02155,
BHS,,,,,,,,,,,,,,,,,,,,,,,1.085450053,1.075219989,,1.075449944,1.071840048,,,,,,1.015030026,1.01801002,,1.001670003,,1.109140038,,0.975399971,,,1.01611,,0.98163,0.97984,0.98081,0.99136,0.98632,1.00189,1.0099,0.99952,1.01186,1.01085,1.00104,0.98935,1.01076,,,
BIH,,,,,,,,,,,,,,,,,,,,,,,,,,,,,,,,,,,,,,,,,,,,,,,,,,,,,,,,,,,,
BLR,,,,,,,,,,,,,,,,,,,,,,,,,,,,,,,,,,,,,,,1.009989977,,,,,,,,,,0.97724,0.97646,0.9774,0.97749,0.97657,0.98435,0.98884,0.99107,0.99101,0.98858,0.99057,
BLZ,,,,,,,,,,,,,,,,,,,,,,,,,,,0.975009978,0.972000003,,,,0.982990026,,,0.970160007,0.978959978,,,,0.995010018,0.98493,0.99016,,0.99797,1.00325,0.9839,0.99438,1.00684,0.99975,1.0008,1.00442,0.99741,0.99023,0.98956,0.99017,0.98217,0.97797,0.99239,0.98756,
BMU,,,,,,,,,,,,1.069880009,1.055410028,1.028920054,1.032770038,1.019860029,1.011559963,1.015130043,1.020149946,0.984629989,0.980350018,,,,,,,,,,,,,,,,,,,,,1.03914,1.06155,1.08098,1.11161,1.09013,1.08261,,,,,1.07334,1.06056,1.06641,1.05304,1.0485,,,,
BOL,,,,,,,,,,,,0.764519989,,,,,,,,,,,,,,,,,,,,,,,,,,,0.965279996,0.968089998,0.96531,0.96783,0.97015,0.97389,0.97706,0.98178,0.98608,0.98963,0.99076,0.99238,0.99255,0.99482,0.9944,0.98957,0.98709,0.98537,0.9861,0.98288,,
BRA,,,,,,,,,,,,,,,,,,,,,,,,,,,,,,,,,,,,,,,,,,,1.01296,1.03545,1.03353,1.02885,,1.04399,1.03873,1.04416,,1.02593,1.02894,1.02651,1.03266,1.01545,1.01698,1.00377,,
BRB,,,,,,,,,,,,0.992169976,1.00375998,1.005759954,0.905780017,0.96706003,1.052880049,1.046229959,1.032070041,1.032909989,1.067549944,1.001080036,1.017809987,0.984560013,1.017269969,0.990369976,,,,1.034770012,0.951020002,,,,,,,,,1.015509963,1.00695,0.99534,0.9954,0.99434,0.99208,0.99323,1.00022,1.00936,1.01192,1.01087,1.01069,1.018,,,1.01625,1.0137,1.02221,1.00208,0.99964,
BRN,,,,,,,,,,,0.935230017,0.928520024,0.935639977,0.942520022,0.944790006,0.950010002,0.968330026,0.987800002,0.994989991,1.001719952,0.989009976,1.000880003,1.005220056,1.006579995,1.00146997,,,,,,,0.998749971,1.014000058,1.016600013,1.004070044,,,,0.985050023,0.981339991,0.98215,0.97737,0.97305,0.97887,0.97267,0.97246,0.97813,0.98282,0.98777,0.99329,1.0011,0.99815,1.00955,1.01909,1.01017,1.01034,1.0142,1.01496,1.01621,
BTN,,,,,,,,,,,0.052749999,0.229249999,0.20679,,0.287330002,,,0.373369992,,,,,,0.450410008,0.463490009,,,,,,,,,,,,,,0.82099998,0.837750018,0.85716,0.88163,,,,0.96003,0.97694,0.98435,0.99917,1.02099,1.029,1.03222,1.03747,1.03837,1.04076,1.03525,1.04809,1.04927,1.05822,
BWA,,,,,,,,,,,1.091920018,1.104709983,1.118710041,1.154330015,1.178789973,1.197229981,1.198390007,1.1954,1.184569955,1.182860017,1.169669986,1.144760013,,1.128659964,1.112349987,1.100849986,1.066040039,1.048370004,1.042309999,1.041260004,1.051659942,1.061959982,1.053590059,1.040680051,1.029080033,1.031290054,,,1.019559979,1.018929958,1.01819,1.01261,1.01077,1.01072,1.00349,1.00091,1.00517,1.00357,1.01582,,,,,,,,,,,
CAF,,,,,,,,,,,,0.461809993,0.462390006,0.469969988,,,0.51414001,0.503340006,0.500320017,0.508650005,0.54531002,0.534889996,0.52658999,,,,0.584089994,0.57743001,0.57506001,0.584850013,0.596660018,0.612559974,0.628329992,,,,,,,,,0.67168,,,,,,,,0.69816,,0.7059,0.71417,,,,0.76095,,,
CAN,,,,,,,,,,,,0.990310013,0.991590023,0.993939996,1.000970006,0.999369979,1.007369995,1.008100033,1.009680033,1.010310054,1.012789965,1.011649966,0.998690009,0.988330007,0.987489998,0.988709986,0.989310026,0.990209997,0.991840005,0.992799997,1.000229955,0.994369984,0.99229002,0.990029991,0.990180016,0.993640006,0.993770003,,0.996439993,1.009420037,1.01057,,,,,0.98427,0.98582,0.98591,0.98632,0.98797,0.98954,0.99223,1.00368,1.00639,1.00857,1.00839,1.00818,1.00546,,
CEB,,,,,,,,,,,0.984790027,0.985520005,0.987519979,0.991150022,0.989859998,0.992030025,0.99188,0.993780017,0.993449986,0.994000018,0.994140029,0.995829999,0.99812001,0.998629987,0.997759998,0.99901998,1.000290036,1.008030057,1.008880019,0.996580005,0.994490027,1.001530051,1.011430025,1.003990054,1.005910039,1.010669947,1.00793004,1.001970053,1.001399994,0.999960005,0.997370005,0.996169984,0.994180024,0.991209984,1.00150001,0.997510016,0.995720029,0.995220006,0.995190024,0.995989978,0.99399,0.99168,0.9925,0.98851,0.98977,0.99218,0.99235,0.99318,0.99261,
CHE,,,,,,,,,,,,,,,,,,,0.928780019,0.937390029,0.941340029,0.942460001,0.943560004,0.945200026,0.945360005,0.947229981,0.948920012,0.953779995,0.957589984,0.963389993,0.965449989,0.969820023,0.972379982,0.955579996,0.960979998,0.963680029,0.968060017,,0.956250012,0.960879982,0.96723,0.97475,0.97179,0.96997,0.9647,0.96694,0.96732,0.96976,0.97218,0.97522,0.98153,0.9838,0.98317,0.98532,,0.97934,0.97613,0.97323,,
CHI,,,,,,,,,,,,,,,,,,,,,,,,,,,,,,,,,,,,,,,,,,,,,,,,,,,,,,,,,,,,
CHL,,,,,,,,,,,1.01312995,1.003309965,1.001109958,1.006420016,1.010499954,1.007130027,1.015820026,1.008280039,1.005720019,1.008100033,1.005519986,1.011479974,0.989899993,0.995890021,0.993579984,0.997489989,0.995819986,,,1.003849983,1.007680058,0.994270027,0.998130023,1.007560015,,,,,0.999539971,0.999559999,0.99598,,0.99499,0.9929,0.98231,0.98307,0.98666,0.98673,0.98572,0.98866,1.00043,0.99864,1.00058,0.98964,0.98937,0.9886,0.98853,0.9876,,
CHN,,,,,,,,,,,,,,,,,0.820949972,0.82604003,0.830439985,0.818159997,0.811959982,0.79497999,0.781080008,0.777639985,0.781639993,0.787370026,0.808640003,0.826499999,0.833199978,0.842719972,0.848609984,0.860360026,0.874170005,0.881250024,0.901910007,0.915570021,0.928520024,0.935779989,,,,0.96462,,,,,0.98804,0.99155,0.99697,1.00335,0.98895,0.99242,0.99718,1.00609,1.00948,1.01158,1.01014,1.01322,1.01431,
CIV,,,,,,,,,,,,0.53767997,0.544879973,0.551389992,0.555719972,,,,,,,0.622829974,,0.635879993,0.645749986,,,,,,,,,,,,,,,0.690389991,,,,,,,,,,,,,,,0.80755,0.81822,0.8335,0.85067,0.86788,
CMR,,,,,,,,,,,,0.712029994,0.732280016,0.739709973,0.750509977,0.753009975,0.763960004,0.771650016,0.775139987,0.785449982,0.790489972,0.790120006,0.79509002,0.794430017,0.797749996,0.798579991,0.804620028,0.810859978,0.81487,0.817879975,0.822260022,0.828980029,0.872099996,,,0.847949982,,0.855059981,0.806869984,0.826870024,,0.85386,0.80073,0.84817,0.84109,0.82646,0.82812,0.83796,0.84256,0.85621,,0.86135,0.86922,,0.877,0.88346,0.88564,,,
COD,,,,,,,,,,,,0.553229988,0.574909985,0.590699971,0.618749976,0.608749986,0.612990022,0.620890021,0.619130015,0.621529996,0.63331002,0.645519972,0.654929996,0.667949975,0.681609988,0.603399992,0.606130004,0.704879999,0.679139972,,,,0.698469996,0.706579983,0.672919989,0.67019999,,,,,,,,,,,,0.73986,0.76395,0.77433,0.78782,0.78898,0.80111,0.82777,0.82886,0.88949,,,,
COG,,,,,,,,,,,,0.732670009,0.753369987,0.76801002,0.763620019,0.778020024,0.787230015,0.796109974,0.818769991,0.825100005,0.831920028,0.853410006,0.855610013,,0.860759974,0.882790029,0.890209973,0.868969977,0.904449999,0.890959978,0.879750013,,0.879760027,,,,0.872250021,,,,,,0.88263,0.85804,0.90841,,,,,,,,1.00334,,,,,,,
COL,,,,,,,,,,,1.009520054,1.01225996,1.015159965,1.016919971,1.023190022,1.021389961,1.025179982,1.024970055,1.028650045,1.028190017,1.023929954,1.024610043,1.01880002,1.052019954,1.00395,1.015759945,1.017140031,1.005110025,1.005879998,1.007130027,,1.065230012,1.095960021,1.065639973,,1.04982996,1.014889956,,1.027089953,1.043149948,1.03857,,1.03801,,1.04039,1.03677,1.04432,1.0479,1.04509,1.04765,1.03967,1.02827,1.02808,1.02834,1.02437,1.02157,1.01984,1.01407,1.01321,
COM,,,,,,,,,,,,0.457450002,,0.497599989,,,,,,,,0.680230021,,,,,0.73168999,0.765739977,,,,,,,,,,,,0.844799995,,,0.82888,0.82689,0.84807,,,,,,,,,0.97533,0.97979,,,0.99313,,
CPV,,,,,,,,,,,,,,,,,,,,,,,,,,,,0.96420002,0.983609974,0.992609978,0.995090008,,,,0.97961998,,,,,,,1.00884,1.00252,1.01044,1.01335,1.0205,1.04894,1.05111,1.01504,1.03777,1.03982,1.03091,1.03664,1.02905,1.01991,1.01452,1.01014,1.00729,1.007,
CRI,,,,,,,,,,,0.999390006,1.003110051,1.009359956,1.014430046,1.00880003,1.013200045,1.015290022,1.018190026,,1.017339945,1.019109964,1.010599971,1.010630012,1.005429983,0.996039987,0.997460008,0.992470026,0.990719974,0.990700006,0.988430023,0.99476999,1.000570059,1.001230001,1.006700039,1.007480025,1.009879947,1.01406002,1.013080001,1.009340048,1.005980015,1.00061,1.00852,0.99932,,1.001,1.00064,1.00517,1.00234,1.00673,1.00807,1.00735,1.00842,1.01007,1.02139,1.02212,1.01672,1.02941,1.04103,1.04136,
CSS,,,,,,,,,,,1.008509994,1.010229945,1.014999986,1.016250014,1.014050007,1.029209971,1.04073,1.028319955,1.029530048,1.029690027,1.038879991,1.039919972,1.032879949,1.032140017,1.030719995,1.031460047,1.036569953,1.02136004,1.025660038,1.030529976,1.028450012,1.020920038,1.014879942,1.010139942,1.012799978,1.012920022,1.017490029,1.018079996,1.012279987,1.011440039,1.011229992,1.009389997,1.020900011,1.019050002,1.017740011,1.02049005,1.022240043,1.02196002,1.019989967,1.010519981,1.02249,1.02475,1.02653,1.01862,1.02093,1.03294,1.01652,1.0182,1.00971,
CUB,,,,,,,,,,,,,0.957159996,0.951399982,0.948310018,0.944920003,,,0.96055001,0.970560014,0.967970014,0.974520028,0.980599999,0.991259992,0.983219981,0.983579993,0.994669974,0.998220026,1.011379957,1.032879949,1.048460007,1.06269002,1.071699977,1.054929972,1.040869951,1.040860057,0.994040012,1.016000032,,0.995000005,0.9885,0.9934,0.97194,0.97134,0.98942,0.99403,0.99971,0.9925,0.99189,0.99211,0.98966,0.98981,0.99721,0.99225,0.98282,0.9852,0.99113,0.98496,0.98682,
CUW,,,,,,,,,,,,,,,,,,,,,,,,,,,,,,,,,,,,,,,,,,,,,,,,,,,,,,1.00252,,,,,,
CYM,,,,,,,,,,,,,,,,,,,,,,,,,,,,,,,,,,,,,,,,,,,,,,,,,,,,,,,,,,,,
CYP,,,,,,,,,,,,0.961600006,0.968060017,0.974259973,0.979860008,0.963490009,0.974629998,0.979030013,0.990010023,0.998860002,1.01188004,1.01075995,1.022619963,1.025539994,1.02098,1.019440055,1.014129996,1.017590046,1.011569977,1.008780003,1.010959983,1.011819959,1.013030052,1.00917995,1.005810022,1.003640056,1.007300019,1.011710048,,1.012959957,1.01198,1.00584,1.01154,1.01033,1.01149,1.00908,1.00742,1.00612,1.00065,1.00186,1.00617,1.00435,1.00855,1.0033,1.00446,0.99619,,,,
CZE,,,,,,,,,,,,1.030279994,1.029899955,1.029839993,1.030069947,1.030240059,1.030609965,1.030429959,1.030619979,1.031559944,,,1.046830058,1.046630025,1.028470039,1.027639985,1.027050018,1.102239966,1.104580045,0.965160012,0.941680014,0.981480002,1.079769969,1.050320029,1.009619951,1.021070004,1.021569967,1.021499991,1.028349996,1.023219943,1.01072,1.01727,1.0143,1.0126,1.00547,1.00723,1.0088,1.00705,1.00634,1.00646,1.00235,0.99926,1.00087,1.00464,1.00286,1.00706,1.00721,1.00649,,
DEU,,,,,,,,,,,,,,,,,,,,,,,,,,,,,,,,,0.982429981,0.968859971,0.972190022,0.972899973,0.974489987,0.976909995,0.976279974,0.978969991,0.9825,0.98327,0.98213,0.98007,0.98045,0.98039,0.97807,0.98008,0.97805,0.96033,0.96125,0.96001,0.96137,0.96446,0.96531,0.96611,0.96373,0.95765,,
DJI,,,,,,,,,,,,0.42148,,0.494390011,0.52670002,0.544120014,0.518830001,,,,,,0.714699984,0.722230017,0.71833998,0.710219979,0.705200016,0.714609981,0.723209977,0.724940002,,,0.714789987,0.776970029,0.766889989,0.755720019,0.747039974,0.738460004,,0.71912998,0.71502,0.71128,0.71751,,0.75024,0.75587,0.76483,0.82047,0.85484,0.90627,,1.00932,0.993,0.98329,1.00177,1.00581,1.01397,1.0255,1.01445,1.02002
DMA,,,,,,,,,,,,,,1.073060036,1.127329946,1.125040054,1.093179941,1.141280055,1.124819994,1.13056004,,,,,,,1.070940018,1.065179944,,,1.018450022,,,,,,,,,1.131590009,1.06045,1.04516,1.0518,1.05835,1.03825,1.03649,1.02587,1.02189,1.00523,1.03811,1.03262,1.02919,,,0.99576,0.98606,,,,
DNK,,,,,,,,,,,,,,,,,,,0.990620017,0.990620017,0.987900019,0.996309996,0.998860002,0.99496001,0.995429993,0.998049974,1.000839949,1.002709985,1.005959988,1.006420016,1.014129996,1.008479953,1.009220004,1.013810039,1.014960051,1.017310023,1.013299942,,1.023390055,1.029099941,1.02386,1.02712,1.02657,,1.02443,1.01886,1.01807,1.01705,1.01811,1.01238,1.00575,1.00558,1.00245,1.0091,1.01689,1.01845,1.00967,1.00288,,
DOM,,,,,,,,,,,,,,,,,,,,,,,,,,,,,,,,,,,,,,,1.043779969,1.047600031,1.04057,,1.07087,,1.02597,1.03607,,1.03482,1.02837,0.96427,0.97235,0.98949,0.98647,0.9881,0.9852,0.98537,0.99023,0.99357,,
DZA,,,,,,,,,,,,0.599099994,0.623640001,0.640470028,0.647710025,0.658050001,0.667249978,0.680890024,0.691020012,0.707639992,0.719709992,0.729340017,0.73834002,,0.756640017,0.767359972,0.78275001,0.789659977,0.797330022,0.808520019,0.817080021,0.829490006,0.842630029,0.85443002,0.870299995,0.883539975,0.895179987,0.918340027,,0.948920012,0.96421,0.97402,0.98011,0.99055,0.99585,0.99926,1.00128,1.00128,0.9862,0.97905,0.99363,0.9949,,,,,,,,
EAP,,,,,,,,,,,,,,,,0.815789998,0.842140019,0.845969975,0.8477,0.840219975,0.836979985,0.825230002,0.819019973,0.82336998,0.828059971,0.83326,0.847479999,0.860989988,0.867560029,0.877560019,0.883180022,0.893339992,0.904380023,0.906769991,0.922580004,0.929740012,0.937219977,0.943459988,0.950129986,0.959249973,0.964240015,0.968069971,0.969099998,0.971319973,0.978619993,0.982379973,0.987030029,0.988799989,0.99289,0.996559978,0.99346,0.99639,0.99805,0.99893,1.00244,1.00161,1.00491,1.00585,1.00708,
EAR,,,,,,,,,,,0.678929985,0.679830015,0.684539974,0.688449979,0.690050006,0.700559974,0.708389997,0.71201998,0.715900004,0.723519981,0.727479994,0.735650003,0.738579988,0.749539971,0.749890029,0.758279979,0.767719984,0.774200022,0.783410013,0.78591001,0.792540014,0.804430008,0.812439978,0.823029995,0.831619978,0.835349977,0.839489996,0.85187,0.861199975,0.873179972,0.878700018,0.886219978,0.896420002,0.932919979,0.934859991,0.94174999,0.948230028,0.956070006,0.968850017,0.980069995,0.98461,0.98942,0.99121,1.01679,1.01731,1.01769,1.03001,1.02642,1.02518,
EAS,,,,,,,,,,,,,,0.782779992,0.780319989,0.833019972,0.856090009,0.859080017,0.860660017,0.854499996,0.852580011,0.842819989,0.837979972,0.842379987,0.847029984,0.851589978,0.864489973,0.876760006,0.88221997,0.891369998,0.896640003,0.905430019,0.915149987,0.917289972,0.931100011,0.937619984,0.944260001,0.949000001,0.95547998,0.96359998,0.968050003,0.971549988,0.972450018,0.974380016,0.980830014,0.984220028,0.988359988,0.989859998,0.993579984,0.996860027,0.99392,0.99657,0.99803,0.99875,1.00188,1.001,1.00405,1.00508,1.00608,
ECA,,,,,,,,,,,,,,,,,,,,,,,,0.964559972,0.965550005,0.966639996,0.967100024,0.967180014,0.96766001,0.967639983,0.968670011,0.96995002,0.97122997,0.971140027,0.972630024,0.971019983,0.971379995,0.972350001,0.967710018,0.964280009,0.966239989,0.961499989,0.960200012,0.957210004,0.96134001,0.963419974,0.968020022,0.969669998,0.973770022,0.979900002,0.97902,0.97861,0.98331,0.98653,0.98806,0.9888,0.98965,0.98287,0.98307,
ECS,,,,,,,,,,,0.971710026,0.971989989,0.972360015,0.976909995,0.973150015,0.97815001,0.98202002,0.979250014,0.980069995,0.980040014,0.981750011,0.986400008,0.985339999,0.988699973,0.988070011,0.988680005,0.989629984,0.990180016,0.98901999,0.987559974,0.987909973,0.98961997,0.991460025,0.989279985,0.987150013,0.986379981,0.987269998,0.986940026,0.984910011,0.983690023,0.984200001,0.982450008,0.980780005,0.979979992,0.982360005,0.982729971,0.984480023,0.985450029,0.987079978,0.988319993,0.9873,0.98696,0.98883,0.99466,0.99532,0.99526,0.99566,0.99061,0.99083,
ECU,,,,,,,,,,,,0.943239987,0.944060028,0.946680009,0.95648998,0.964129984,0.961989999,0.964900017,0.965439975,0.983080029,0.971620023,0.979680002,,0.997020006,1.002619982,0.995840013,0.99950999,1.000349998,1.002789974,,,,,0.998790026,,,1.011569977,,1.014179945,1.011500001,1.00575,1.0103,1.00486,1.00785,1.00228,1.00459,1.00568,1.00665,,1.02678,1.02145,1.02351,1.02808,1.02395,1.02267,1.02246,1.02095,1.01995,,
EGY,,,,,,,,,,,,0.618399978,0.619539976,0.620620012,0.624119997,0.618470013,0.630410016,0.638769984,0.64477998,0.657130003,0.662819982,0.678839982,0.691919982,0.707350016,0.725409985,0.743600011,0.761259973,0.773899972,0.763979971,0.798579991,0.816320002,0.823440015,0.855579972,0.862829983,0.851029992,0.885770023,0.811249971,0.876820028,,0.923099995,0.93284,0.94193,,0.95052,0.95747,,,,,0.97607,0.97123,0.96888,0.98528,0.98574,0.99601,,0.99319,0.99414,0.99651,
EMU,,,,,,,,,,,0.969280005,0.969510019,0.97161001,0.981660008,0.970849991,0.982219994,0.991029978,0.986400008,0.990610003,0.990249991,0.996159971,1.005609989,0.998989999,1.005879998,1.004580021,1.004959941,1.006999969,1.007640004,1.004349947,1.004780054,1.005300045,1.006790042,1.008170009,1.007670045,1.000480056,0.999090016,1.000970006,0.999180019,0.997730017,0.99891001,0.997969985,0.999719977,0.99703002,0.997669995,0.998939991,0.997940004,0.996379972,0.99763,0.997380018,0.993390024,0.99253,0.99166,0.99172,0.99528,0.99592,0.99582,0.99678,0.99289,0.99358,
ERI,,,,,,,,,,,,,,,,,,,,,,,,,,,,,,,,,,0.823329985,0.788150012,0.785839975,0.796339989,0.796609998,,0.787909985,0.78421,0.78929,0.75389,0.75815,0.71754,0.72784,0.73062,0.78798,0.78194,0.78276,0.80947,0.81406,0.81864,0.93625,0.83619,0.85546,,0.87478,,
ESP,,,,,,,,,,,,0.92948997,0.93700999,0.950749993,0.949379981,0.980660021,0.985170007,0.991259992,0.993359983,0.975080013,1.02026999,1.022230029,0.998870015,1.033030033,1.018429995,1.020720005,1.03907001,1.046990037,1.039340019,1.037750006,1.029829979,1.038689971,1.04539001,1.048200011,1.049600005,1.050850034,1.055029988,1.031309962,1.035760045,1.034980059,1.03413,1.03155,1.03454,1.02864,1.03207,1.02966,1.02806,1.03071,1.02862,1.02205,1.0106,1.00387,1.00145,1.00694,1.00708,1.00453,1.01023,1.01564,,
EST,,,,,,,,,,,,,,,,,,,,,,,,,,,,,,,,,1.02500999,1.022250056,1.050490022,1.044139981,1.036990047,,1.016600013,1.018630028,1.02329,1.01794,1.01774,1.0235,1.0171,1.01028,1.01449,1.01461,1.01309,1.0055,0.99398,0.99148,0.99229,0.9921,0.99391,0.99779,1.00455,1.01176,,
ETH,,,,,,,,,,,,0.434509993,0.441969991,,0.451700002,,,,,,,,,,0.606679976,,,,,,,0.695349991,0.759679973,0.745239973,0.675379992,0.636030018,0.605080009,,,0.622940004,0.65727,0.68757,0.69775,0.69989,0.73509,0.78271,0.81425,0.83641,0.86277,0.89218,0.90125,0.91225,0.92272,,,0.92146,,,,
EUU,,,,,,,,,,,0.975979984,0.976199985,0.977750003,0.985430002,0.978280008,0.986660004,0.993149996,0.990800023,0.99375999,0.993900001,0.998359978,1.005540013,1.00169003,1.00612998,1.004670024,1.005300045,1.007060051,1.008399963,1.006479979,1.004109979,1.004199982,1.007529974,1.010349989,1.006379962,1.002060056,1.00237,1.003559947,1.001639962,1.002169967,1.002930045,1.001929998,1.002850056,1.00090003,1.001919985,1.00248003,1.00059998,0.999450028,0.999270022,0.998390019,0.995530009,0.9939,0.99348,0.99312,1.00096,1.00134,1.00083,1.00095,0.99763,0.99792,
FCS,,,,,,,,,,,0.628099978,0.624930024,0.632780015,0.63845998,0.648259997,0.653209984,0.65793997,0.666130006,0.671450019,0.685549974,0.699329972,0.713310003,0.742820024,0.746869981,0.749249995,0.73901999,0.745280027,0.765299976,0.763509989,0.764580011,0.765250027,0.771679997,0.774839997,0.773010015,0.766049981,0.765110016,0.763930023,0.761900008,0.762269974,0.773490012,0.777390003,0.77414,0.778190017,0.790170014,0.775489986,0.800249994,0.805289984,0.810039997,0.817990005,0.824280024,0.83276,0.8392,0.8448,0.84992,0.85111,0.86689,0.87277,0.87435,0.87628,
FIN,,,,,,,,,,,,,1.016880035,1.025840044,1.028920054,,1.050430059,1.049329996,1.051880002,1.054200053,1.05862999,1.057119966,1.066799998,1.064640045,1.085160017,1.089319944,1.08513999,1.08585,1.083389997,1.076910019,1.087120056,1.094009995,1.106099963,1.091689944,1.086130023,1.077929974,1.092210054,1.073989987,1.051959991,1.047700047,1.04842,1.05447,1.0566,1.05271,1.02023,1.02006,1.02063,1.02225,1.0224,1.02357,1.02248,1.02109,1.02188,1.05432,1.05676,1.05718,1.05761,1.05626,,
FJI,,,,,,,,,,,0.92948997,,0.962859988,0.953700006,0.981149971,0.992510021,1.001129985,1.001330018,1.006780028,,1.013700008,1.012680054,,1.013120055,1.001710057,1.001260042,1.004040003,1.006680012,,,,0.983810008,0.998250008,,,,,,1.026000023,1.043110013,1.03109,1.02784,1.03849,1.03074,1.02282,,1.03923,1.04456,1.03134,1.03707,,1.03643,1.04857,,,,,,,
FRA,,,,,,,,,,,,1.03421998,1.034289956,1.072919965,1.001520038,1.034389973,,1.03666997,1.044340014,1.041659951,1.047709942,1.091220021,1.047309995,1.048329949,,1.039999962,1.035869956,1.034510016,1.032979965,1.031679988,1.028370023,1.023069978,1.019549966,1.015050054,0.987689972,0.984420002,0.986750007,0.98921001,0.990629971,0.995480001,0.99611,0.99773,0.99924,1.00242,1.00149,0.99844,0.99547,0.99783,0.99757,0.99833,1.00079,1.00325,1.00305,1.00568,1.00685,1.00342,1.0025,1.00116,,
FRO,,,,,,,,,,,,,,,,,,,,,,,,,,,,,,,,,,,,,,,,,,,,,,,,,,,,,,,,,,,,
FSM,,,,,,,,,,,,,0.897840023,0.946020007,0.965439975,,1.001719952,0.971300006,,,,,,,,,,,,,,,,,,,,,,,,,,,1.01922,1.02262,,,,,,,,,,,,,,
GAB,,,,,,,,,,,,0.841499984,0.845539987,0.854309976,0.854579985,,0.874570012,0.884800017,0.887619972,0.89526999,0.912689984,0.913030028,0.913500011,0.91595,0.920740008,0.928170025,0.926169991,0.939010024,0.940509975,0.97408998,,,,,0.978209972,0.960789979,0.976639986,0.968779981,,0.972239971,,,,,,,,,,,,,,,,,,,,
GBR,,,,,,,,,,,,0.999530017,0.998740017,0.999769986,1.00229001,1.004649997,1.007349968,1.009039998,1.010249972,1.012920022,1.015290022,1.018329978,1.018219948,1.017349958,1.014879942,1.016119957,1.021110058,1.015249968,1.014829993,1.016980052,1.018970013,1.021970034,1.018399954,,,,,,1.002560019,1.003880024,1.0056,1.00513,1.00842,1.01961,1.01613,1.01625,1.01884,1.01287,1.00748,1.00484,0.99955,1.00344,0.99975,1.02419,1.02166,1.01641,,1.01539,,
GEO,,,,,,,,,,,,,,,,,,,,,,0.824140012,,,,,0.872780025,,,,,0.98368001,0.974349976,0.971520007,0.951399982,0.956459999,0.997979999,0.990190029,,1.015020013,1.02469,1.05137,1.04945,1.0411,1.03958,1.03953,1.07647,,1.01989,,,,,1.0081,1.01177,1.01436,1.01026,1.01057,1.01249,
GHA,,,,,,,,,,,,0.763520002,,0.769500017,0.773710012,0.761520028,0.753229976,0.751460016,0.75229001,0.75654,0.765659988,0.764840007,0.764789999,0.753489971,0.748889983,0.741339982,,0.755900025,0.766080022,0.776579976,0.779609978,,,,,0.842209995,,,,0.88507998,0.89591,0.91021,0.91297,0.91597,0.90612,0.91941,0.93884,0.94866,0.95231,0.95011,,0.95833,0.9631,0.96705,0.97812,0.98152,0.99612,0.99687,1.00222,
GIB,,,,,,,,,,,,1.024719954,1.03489995,1.018280029,1.02947998,1.018069983,1.048519969,1.148609996,1.046900034,1.065539956,1.07525003,1.048720002,1.051139951,1.034010053,1.03223002,0.999800026,,,,,,,,,,,,,,0.800289989,0.98808,1.00542,,,,,,,1.01174,1.00462,,,,,,,0.98619,0.9895,,
GIN,,,,,,,,,,,,0.401730001,,,,,,,,,,0.459820002,0.453240007,0.442019999,0.442129999,0.425960004,0.429199994,0.412099987,,0.415250003,0.419270009,0.429080009,,0.432850003,0.449319988,,0.485469997,,,0.555509984,,0.6188,0.64136,0.67092,0.6829,0.70732,0.72747,,0.75247,,,0.77954,,,0.78593,,,,,
GMB,,,,,,,,,,,,0.406269997,,0.417389989,0.43077001,0.459789991,0.463910013,0.458829999,0.475219995,0.466179997,0.478769988,0.504779994,,0.540579975,0.568009973,0.575680017,0.585389972,0.591440022,,0.578069985,,,0.653550029,0.670469999,0.691110015,0.703599989,0.749310017,,,,,,,,,,,,1.01834,1.01481,1.00113,,,,,,,,,
GNB,,,,,,,,,,,,0.437579989,0.625440001,,,,0.530520022,,0.460799992,0.435930014,0.43513,0.443109989,0.43731001,0.454879999,0.464520007,0.481460005,,0.523029983,0.523689985,0.545170009,,,,,,,,,,,0.64464,,,,,,,,,,,,,,,,,,,
GNQ,,,,,,,,,,,,0.693899989,,,,,,,,,,,,,,,,,,,,,,0.818620026,0.868740022,,,,,,0.72895,,0.86631,,,0.90676,,,,,,,,,,,,,,
GRC,,,,,,,,,,,,0.909569979,0.908749998,0.907679975,0.907019973,0.90921998,0.917169988,0.925979972,0.940670013,0.948939979,0.950820029,0.966960013,0.974730015,0.996609986,0.999499977,0.998380005,0.992169976,0.983749986,0.980080009,0.980390012,0.986180007,0.987429976,0.992839992,1.008710027,0.980809987,1.016299963,1.016029954,1.021970034,1.022899985,1.021569967,1.03004,1.02265,1.0026,0.99427,0.97968,0.96558,0.96124,0.95644,,,0.97034,0.98008,0.97519,0.97304,0.96468,0.95957,0.96536,0.97104,,
GRD,,,,,,,,,,,,0.950969994,0.994669974,,,,,1.009060025,1.00691998,1.006870031,1.008030057,1.07201004,1.08513999,1.063949943,1.025169969,1.022050023,0.938489974,,0.960080028,,,,,1.03847003,,,,,,,,,1.02287,0.9847,1.01572,0.99723,,0.98139,0.93047,0.96585,0.99037,,,0.96145,0.98084,0.97118,0.99113,0.98673,,
GRL,,,,,,,,,,,,,,,,,,,,,,,,,,,,,,,,,,,,,,,,,,,,,,,,,,,,,,,,,,,,
GTM,,,,,,,,,,,0.810750008,0.825810015,0.829810023,0.828580022,0.843020022,0.845939994,0.850629985,0.853540003,0.841390014,0.839810014,0.84258002,0.849629998,0.866150022,0.856589973,,,,,,,,,,0.867600024,,,0.865629971,,0.875100017,0.86638999,0.89701,0.90466,0.9113,,0.92369,0.93059,0.93838,0.94651,0.95426,0.96426,0.96621,0.96691,0.96424,0.95998,0.96195,0.95891,0.95971,0.96256,0.96636,
GUM,,,,,,,,,,,,,,,,,,,,,,,,,,,,,,,,,,,,,,,,,,,,,,,,,,,,,,,,,,,,
GUY,,,,,,,,,,,,0.998929977,0.988879979,0.989530027,0.996550024,,1.012279987,,,,,,,,0.999629974,1.009739995,1.015619993,1.007979989,,,,,,,,,,,,0.977670014,,0.98099,,,,1.00597,,0.97781,1.00052,0.98768,1.00057,0.99586,0.99501,,,,,,,
HIC,,,,,,,,,,,0.910380006,0.913389981,0.913070023,0.927559972,0.935310006,0.950420022,0.965569973,0.977530003,0.993130028,0.995490015,1.001189947,1.007050037,1.003170013,1.00237,1.002500057,1.002519965,1.004299998,1.003319979,1.000609994,0.998640001,0.998179972,0.998560011,0.998589993,0.996689975,0.994750023,0.998390019,0.997560024,1.00188005,1.007779956,1.007719994,0.999339998,1.002609968,0.999660015,1.000249982,1.001749992,1.000139952,0.998679996,0.998449981,0.996999979,0.99792999,0.99448,0.99457,0.99247,0.99532,0.99558,0.99587,0.99267,0.99138,0.9919,
HKG,,,,,,,,,,,,0.914879978,0.920549989,0.924880028,0.929319978,0.933719993,0.952220023,0.952620029,0.968479991,0.991970003,1.002560019,1.011700034,1.027420044,1.037510037,1.03708005,1.032799959,1.033759952,1.023399949,1.016819954,,,,,,,,1.025149941,,,,,,,,,,,,,,,,1.0041,0.99394,0.99425,0.99878,1.00293,1.00417,1.00733,
HND,,,,,,,,,,,0.987869978,,,,,,,,,,0.998809993,,1.010929942,1.011319995,1.027989984,,,,,,,1.042989969,,,,,,,,,,,,,,,1.06282,1.07399,1.07654,,1.07252,1.06903,1.0682,1.06417,1.04717,1.06183,1.0548,1.05166,,
HPC,,,,,,,,,,,0.64428997,0.644919991,0.652530015,0.657069981,0.664969981,0.666180015,0.669860005,0.678179979,0.689949989,0.693319976,0.704209983,0.711969972,0.737900019,0.742550015,0.749580026,0.744790018,0.752269983,0.766250014,0.75977999,0.765179992,0.768809974,0.776009977,0.77947998,0.78065002,0.777629972,0.773360014,0.768779993,0.774240017,0.774940014,0.79124999,0.79895997,0.803359985,0.805710018,0.816049993,0.81171,0.832790017,0.843119979,0.848999977,0.858210027,0.868770003,0.87748,0.88648,0.89286,0.89985,0.90258,0.91223,0.91691,0.91989,0.92155,
HRV,,,,,,,,,,,,,,,,,,,,,,,,,,,,,,,,,,1.03076005,1.02493,1.024539948,1.022410035,1.015619993,1.011219978,1.010329962,1.01085,1.00923,1.00939,1.00876,,1.02232,1.02247,1.02423,1.02589,1.0267,1.0494,1.02679,1.02675,1.02404,1.02325,1.03194,1.03202,,,
HTI,,,,,,,,,,,,,,,,,,,,,,,,,,,,,,,,,,,,,,,,,,,,,,,,,,,,,,,,,,,,
HUN,,,,,,,,,,,,0.919669986,0.933520019,0.95589,0.949000001,0.958119988,0.963429987,0.970369995,0.973119974,0.978890002,0.980579972,0.986039996,0.997349977,0.997479975,0.997460008,0.999719977,1.002239943,1.005220056,1.007459998,1.009469986,1.003379941,1.00206995,1.001670003,,1.018370032,1.019989967,1.018390059,1.015179992,1.009140015,1.003329992,0.99887,0.9988,0.99877,0.99568,0.98834,0.98662,0.98789,0.99075,0.98606,0.99002,0.9889,0.98599,0.98621,1.0015,1.00186,1.00297,0.99355,0.99905,,
IBD,,,,,,,,,,,0.777149975,0.775659978,0.77392,0.772700012,0.773500025,0.804530025,0.819379985,0.82141,0.821889997,0.825810015,0.823700011,0.81911999,0.814509988,0.821150005,0.819859982,0.820689976,0.83780998,0.846840024,0.852519989,0.855870008,0.862380028,0.870809972,0.878260016,0.884840012,0.894469976,0.900210023,0.904489994,0.912429988,0.920530021,0.928160012,0.931039989,0.934859991,0.94016999,0.963609993,0.967540026,0.96991998,0.97390002,0.978850007,0.987169981,0.996209979,0.99295,0.99502,0.99805,1.02096,1.02322,1.02171,1.03219,1.02739,1.02675,
IBT,,,,,,,,,,,0.751829982,0.751290023,0.751699984,0.751339972,0.752319992,0.779470026,0.792980015,0.796790004,0.799499989,0.803349972,0.802399993,0.800230026,0.798210025,0.800570011,0.800740004,0.802659988,0.82002002,0.828079998,0.832870007,0.837499976,0.84236002,0.850650012,0.857710004,0.863650024,0.87233001,0.877699971,0.882459998,0.889840007,0.896889985,0.904760003,0.908159971,0.911960006,0.915390015,0.935410023,0.936829984,0.942330003,0.946959972,0.951919973,0.959969997,0.967890024,0.96728,0.97015,0.97444,0.99072,0.99303,0.99357,1.00042,0.99805,0.99737,
IDA,,,,,,,,,,,0.607879996,0.611209989,0.625670016,0.630280018,0.632979989,0.63845998,0.64428997,0.657859981,0.675530016,0.682039976,0.691709995,0.705519974,0.719550014,0.704209983,0.712670028,0.721189976,0.737330019,0.742850006,0.745909989,0.75770998,0.756529987,0.76730001,0.77471,0.779460013,0.785600007,0.790639997,0.797770023,0.805639982,0.810850024,0.822009981,0.83020997,0.836979985,0.837769985,0.850149989,0.845550001,0.863900006,0.873589993,0.881169975,0.891129971,0.898930013,0.90745,0.91435,0.92332,0.92462,0.92848,0.93497,0.93445,0.93855,0.93856,
IDB,,,,,,,,,,,0.613820016,0.624520004,0.637730002,0.654340029,0.661880016,0.667620003,0.672299981,0.684930027,0.722159982,0.733110011,0.73773998,0.746330023,0.747609973,0.721939981,0.710950017,0.738070011,0.764259994,0.766879976,0.752690017,0.772689998,0.757359982,0.766730011,0.77414,0.776830018,0.784460008,0.792020023,0.803680003,0.808350027,0.807919979,0.809650004,0.814090014,0.821280003,0.812189996,0.83348,0.834010005,0.848540008,0.858739972,0.867560029,0.877149999,0.889800012,0.89087,0.89548,0.91486,0.91466,0.91807,0.9171,0.90905,0.912,0.91141,
IDN,,,,,,,,,,,0.806020021,0.800249994,0.799269974,0.786870003,0.77275002,0.81694001,0.837040007,0.837080002,0.839699984,,,0.839999974,0.858730018,0.897849977,0.900730014,,,,0.90842998,0.922969997,0.930589974,0.938650012,0.945789993,0.928030014,0.934509993,0.931890011,0.931630015,,,0.964850008,0.97027,0.97832,0.98074,0.98284,0.98685,0.97549,0.98286,0.97889,0.98417,0.98267,1.02081,1.02226,1.00822,0.98449,0.98228,0.98564,0.9959,0.99365,0.9934,
IDX,,,,,,,,,,,0.606159985,0.605960011,0.621020019,0.619889975,0.61984998,0.625320017,0.631929994,0.645510018,0.653360009,0.656570017,0.668290019,0.683939993,0.704240024,0.694850028,0.715449989,0.712069988,0.722530007,0.729770005,0.743300021,0.750280023,0.757539988,0.769029975,0.77651,0.782509983,0.787549973,0.790870011,0.795239985,0.804780006,0.813059986,0.829469979,0.83969003,0.845920026,0.851220012,0.858810008,0.851639986,0.871819973,0.880919993,0.887589991,0.897170007,0.902710021,0.91475,0.92267,0.92677,0.92906,0.9328,0.94277,0.94587,0.95041,0.9509,
IMN,,,,,,,,,,,,,,,,,,,,,,,,,,,,,,,,,,,,,,,,,,,,,,,,,,,,,,,,,,,,
IND,,,,,,,,,,,,0.578909993,0.582499981,0.592090011,,0.599870026,0.603519976,0.607659996,0.600009978,,0.610979974,0.618969977,0.61589998,0.640160024,0.627759993,,0.657949984,0.668169975,0.677860022,0.67543,,,,0.740249991,0.753220022,0.754369974,0.762629986,0.775860012,,0.79697001,0.80224,0.80988,0.83037,0.9157,,,,0.94256,0.96705,0.98997,0.98905,0.99853,1.0034,1.0725,1.06962,1.07018,1.09519,1.08402,,
INX,,,,,,,,,,,,,,,,,,,,,,,,,,,,,,,,,,,,,,,,,,,,,,,,,,,,,,,,,,,,
IRL,,,,,,,,,,,,1.026049972,1.021190047,1.031419992,1.03215003,1.039440036,1.037209988,1.039499998,1.044999957,1.04697001,1.053969979,1.052250028,1.051859975,1.047549963,1.04539001,1.045120001,1.047440052,1.045719981,1.043550014,1.044989944,1.048390031,1.046190023,1.041939974,1.019749999,1.023339987,1.029639959,1.038130045,1.042379975,1.023130059,1.022169948,1.02796,1.03174,1.03581,1.03082,1.02734,1.03353,1.02732,1.02099,1.02287,1.02595,1.02363,1.01397,1.01053,,1.00741,1.00846,1.00691,0.99192,,
IRN,,,,,,,,,,,,0.570159972,0.575399995,0.582029998,0.582790017,0.604279995,0.62620002,0.641939998,,,,,,,,0.772069991,,,0.789330006,,0.818189979,0.840560019,0.851260006,0.865239978,0.87579,0.887629986,,0.912609994,,0.925949991,0.93347,0.93689,0.94365,0.94533,0.96031,0.96529,0.9684,0.98807,0.96559,0.95641,0.95445,0.95403,0.95182,0.9768,0.99553,1.00529,1.01883,1.01711,,
IRQ,,,,,,,,,,,,0.426259995,0.423999995,0.434109986,0.449010015,0.48300001,0.502399981,0.548500001,0.580389977,0.696799994,0.737240016,0.775340021,0.789229989,0.793259978,0.778900027,0.764540017,0.759010017,0.767960012,0.790589988,0.77372998,,,,0.786530018,,,0.788800001,,,0.778410017,0.77142,,,0.81222,0.7908,,,0.8138,,,,,,,,,,,,
ISL,,,,,,,,,,,,0.918340027,,,,0.927240014,0.923269987,0.945590019,,,,,,0.960889995,0.956770003,,0.961880028,,0.97627002,0.975849986,,,,0.990580022,0.990270019,0.984860003,0.989639997,,1.006850004,1.017860055,1.02583,1.02401,1.02296,1.02354,1.00171,0.99594,1.00692,1.02913,1.01894,1.01747,1.01159,1.00465,0.99769,1.01832,1.01443,1.00389,1.00102,0.99555,,
ISR,,,,,,,,,,,,,,1.038720012,1.036739945,1.04242003,1.047410011,1.043969989,1.039569974,1.046190023,1.050109982,,,1.038249969,1.047279954,1.049059987,1.049389958,1.044129968,1.050869942,1.040249944,1.044749975,1.040420055,1.025480032,1.02699995,1.01880002,,,,,0.990620017,0.99517,0.99566,0.99153,0.98776,0.99906,0.99994,1.0026,1.0065,1.01152,1.01291,1.01358,1.01202,1.01203,1.01079,1.00928,1.00825,1.01296,1.01277,,
ITA,,,,,,,,,,,,0.914600015,0.918560028,0.924030006,0.929910004,0.936779976,0.941009998,0.945729971,0.954519987,0.961839974,0.971289992,0.978799999,0.985949993,0.987919986,0.989979982,0.99138999,0.991919994,0.990970016,0.992519975,0.993120015,1.003309965,0.997439981,0.998409986,1.009119987,1.012989998,0.99278003,0.996089995,0.998179972,0.992659986,0.993610024,0.97619,0.98332,0.97088,0.98029,0.99326,0.99055,0.9889,0.98897,0.98943,0.99082,0.98995,0.98707,0.98994,0.99375,0.99459,0.99653,1.0027,0.98404,,
JAM,,,,,,,,,,,,,,1.031319976,1.028360009,1.069380045,1.071619987,1.051900029,,1.052790046,1.070260048,1.066100001,,1.054069996,1.050469995,1.047960043,1.061859965,1.021370053,1.033349991,1.047359943,,1.034469962,,1.008949995,,,,,,1.007419944,1.00904,1.00501,1.01264,1.01672,1.02067,,,,,,,,,,,1.06418,1.01468,1.01543,0.98905,
JOR,,,,,,,,,,,,0.780529976,0.807259977,0.825280011,0.842000008,0.858699977,0.87300998,0.891889989,0.907980025,0.937290013,0.96717,0.981169999,1.00011003,1.017320037,1.027449965,1.051149964,1.037230015,1.037449956,1.054780006,1.026990056,1.015730023,1.015840054,1.038300037,1.040390015,1.03757,,1.025930047,,,1.026829958,1.02655,,1.02159,1.0222,1.01828,1.01905,1.0288,1.02618,1.01693,,1.00738,1.00463,0.99609,0.99837,1.00879,,,1.00145,1.00224,
JPN,,,,,,,,,,,,,,,,,,,,,,,,,,,,,,,,,,,,,,,,,,,,,,,,,,,,,,,,,,,,
KAZ,,,,,,,,,,,,,,,,,,,,,,,,,,,,,,,,,,1.054929972,,,,1.079360008,1.044280052,1.005920053,1.03446,,,,,,0.99651,,,,1.00502,1.00605,1.00756,1.0127,1.01526,1.02092,1.01621,1.01248,1.01219,
KEN,,,,,,,,,,,0.671800017,0.693899989,0.712670028,0.73457998,0.783280015,0.812479973,,,,,0.876540005,0.889050007,0.893859982,0.893429995,0.904709995,0.899940014,0.907159984,0.909250021,0.918550014,,,,,,,,,,,0.962199986,0.97041,0.96218,0.94465,0.9646,0.93383,0.9517,0.95437,0.94632,0.95429,0.95053,,,,,,,,,,
KGZ,,,,,,,,,,,,,,,,,,,,,,0.979070008,,,,,0.988929987,,,0.996270001,1.012359977,,1.029229999,,,,,,,1.012199998,1.01432,0.99544,0.99713,1.00292,1.00265,0.99583,0.99598,0.99686,,1.0305,0.99478,0.99905,0.99446,1.00052,1.0005,1.00498,0.99489,0.99533,0.99695,
KHM,,,,,,,,,,,,0.668720007,,,,,,,,,,,,,,,,,,,,,,,,,,,0.789420009,0.810949981,0.8183,0.83586,0.84877,0.86002,0.87628,,0.89957,0.90371,0.91484,,,,,,,,,,,
KIR,,,,,,,,,,,,0.935570002,0.969290018,0.929650009,,,,0.938189983,0.949559987,0.969120026,0.948719978,0.979910016,0.988510013,0.990019977,0.985130012,0.99861002,1.005630016,0.99691999,1.00703001,1.012050033,1.017060041,1.022369981,1.022989988,,,1.056529999,1.058140039,,1.028669953,1.072209954,1.0645,1.09012,1.07585,1.07272,1.09884,1.06909,1.07027,1.08939,1.07185,,,,,,,,,,,
KNA,,,,,,,,,,,,,,,,,,,,,,,,,0.977270007,0.899559975,0.816760004,1.015069962,1.017529964,1.012709975,,,0.997690022,1.01504004,,,,,,,1.09197,1.13663,1.11156,1.10881,1.09615,1.03711,,0.97937,1.00021,1.00581,0.9619,0.98889,0.98686,1.05283,0.97968,0.99273,0.99709,,,
KOR,,,,,,,,,,,,0.877659976,0.880879998,0.881309986,0.882189989,0.883849978,0.88586998,0.890120029,0.898119986,0.911239982,0.934109986,0.949150026,0.954249978,0.957340002,0.966920018,0.975149989,0.980650008,0.993350029,0.977859974,0.980430007,0.983640015,0.987950027,0.991810024,0.997669995,0.997359991,1.012130022,1.015210032,1.010290027,1.011489987,1.009899974,1.00961,1.01021,1.00986,1.00965,1.00923,1.00726,1.00205,0.99947,0.99907,0.99833,0.9977,0.99686,0.99727,0.9974,0.99672,0.99554,0.99482,0.99531,,
KWT,,,,,,,,,,,,0.792209983,0.841620028,0.839489996,0.842029989,0.843990028,0.860300004,0.863170028,0.863240004,0.878560007,0.895039976,0.898389995,0.920019984,0.932449996,0.936699986,0.935739994,0.933470011,0.921739995,0.925090015,0.932479978,0.949000001,,0.993820012,1.006360054,1.018229961,1.04271996,1.021639943,1.01552999,1.012429953,1.002719998,1.01816,1.03722,,1.06288,1.07216,1.0689,1.03978,1.0124,1.02133,1.00905,1.00117,0.98724,1.03722,1.03312,1.03731,1.04884,,,,
LAC,,,,,,,,,,,0.959330022,0.962360024,0.958389997,0.963980019,0.971790016,0.981159985,0.982609987,0.981109977,0.982490003,0.997370005,0.999819994,1.002580047,1.00109005,1.000579953,0.998849988,0.988740027,1.003119946,1.005540013,1.01030004,1.012120008,1.016839981,1.016160011,1.014700055,1.012740016,1.010409951,1.009189963,1.005319953,1.00711,1.006479979,1.009170055,1.011019945,1.009009957,1.008630037,1.01797998,1.01730001,1.016549945,1.018210053,1.026890039,1.02718997,1.028499961,1.02151,1.02079,1.02082,1.01938,1.02089,1.01688,1.01718,1.01243,1.01038,
LAO,,,,,,,,,,,,0.578629971,0.647689998,0.68226999,,,,0.700129986,0.807280004,0.770810008,0.808179975,0.813799977,,,,,0.81418997,,0.789219975,,0.771629989,,0.771309972,0.762610018,0.76286,0.777390003,0.780730009,0.786279976,0.796310008,0.808489978,0.80918,0.8138,0.81642,0.82115,0.82823,0.8305,0.83912,0.84686,0.858,0.86996,0.88188,0.894,0.90476,0.91477,0.92774,0.93726,0.9386,0.94471,0.94816,
LBN,,,,,,,,,,,,0.809029996,,,,,,,,,,,0.969210029,,,0.93520999,,,,,,,,,,,,,,,,,,,,,,,,,,,,,,,,,,
LBR,,,,,,,,,,,0.393290013,0.404379994,0.423759997,,,0.45054999,0.437849998,,0.507229984,0.517009974,0.499779999,,,,,,,,,,,,,,,,,,,0.72852999,0.73627,,,,,,,,,,,0.88359,,,0.87646,0.86358,,,,
LBY,,,,,,,,,,,,0.534210026,0.595089972,0.663020015,0.722769976,0.757210016,0.781729996,0.810880005,0.832669973,0.844449997,0.850589991,0.853089988,,0.867420018,,,0.913909972,,,,,,,,,,,,,,,,1.03413,1.01808,,1.08397,1.05915,,,,,,,,,,,,,
LCA,,,,,,,,,,,,,1.160519958,1.033499956,,,,1.03362,,,,1.102869987,1.057209969,1.043709993,1.042729974,1.079640031,1.072960019,1.055080056,,,1.032119989,1.029539943,1.04361999,1.067819953,,,,1.009119987,,1.034459949,1.06421,1.04243,1.06105,1.03381,0.95298,1.0292,1.00551,1.01249,,,,,,,,0.97756,0.98507,0.9963,1.00641,
LCN,,,,,,,,,,,0.963209987,0.965870023,0.961960018,0.967429996,0.974590003,0.983039975,0.984759986,0.982959986,0.984430015,0.99812001,1.000429988,1.003170013,1.001129985,1.000880003,0.999199986,0.989740014,1.003389955,1.005740047,1.01038003,1.012169957,1.016759992,1.015699983,1.014420033,1.012850046,1.010589957,1.009389997,1.005749941,1.007459998,1.006950021,1.009240031,1.010840058,1.008939981,1.008550048,1.017400026,1.016450047,1.015740037,1.017470002,1.025349975,1.025949955,1.027359962,1.02115,1.02043,1.02063,1.01889,1.02033,1.01639,1.01665,1.01209,1.01012,
LDC,,,,,,,,,,,0.583019972,0.582210004,0.599340022,0.598039985,0.597180009,0.604269981,0.611930013,0.627099991,0.635969996,0.639320016,0.651250005,0.667800009,0.689740002,0.677659988,0.699299991,0.69303,0.70381999,0.711019993,0.72608,0.734260023,0.742810011,0.755100012,0.762090027,0.768530011,0.77414,0.777670026,0.782410026,0.792779982,0.801320016,0.819850028,0.831219971,0.837960005,0.844619989,0.851419985,0.843630016,0.865310013,0.874639988,0.881120026,0.891070008,0.896440029,0.90815,0.91012,0.91595,0.9202,0.92566,0.93758,0.93996,0.94439,0.94434,
LIC,,,,,,,,,,,0.600040019,0.598779976,0.609990001,0.611959994,0.619130015,0.621330023,0.629289985,0.639779985,0.651610017,0.656009972,0.668370008,0.676869988,0.701889992,0.705420017,0.711969972,0.704429984,0.711109996,0.723450005,0.716409981,0.722989976,0.72724998,0.736240029,0.738179982,0.740840018,0.740580022,0.739139974,0.735660017,0.742569983,0.743969977,0.760699987,0.769389987,0.776260018,0.783819973,0.794740021,0.792100012,0.817399979,0.831040025,0.841099977,0.852370024,0.863650024,0.87435,0.88287,0.88941,0.89534,0.89771,0.90703,0.91044,0.91126,0.91197,
LIE,,,,,,,,,,,,,,,,,,,,,,,,,,,,,,,,,,,,,,,,,,,,0.92403,0.92619,0.8892,0.93542,0.92409,0.90633,0.92123,0.88459,0.89291,0.91258,,0.87104,0.85031,0.84751,,,
LKA,,,,,,,,,,,,,,,,,0.979610026,,,,,1.009520054,1.016700029,1.015310049,1.01797998,1.017779946,1.021980047,1.021880031,1.02125001,1.021070004,1.021209955,1.026610017,1.026720047,1.029309988,1.036720037,1.028650045,,,,,,,,,,,,,,,0.99738,0.99589,1.01833,1.01747,,,1.01146,1.02472,,
LMC,,,,,,,,,,,0.677850008,0.678520024,0.682659984,0.685570002,0.685989976,0.694019973,0.700689971,0.705600023,0.707040012,0.714060009,0.716729999,0.723150015,0.72507,0.733179986,0.729409993,0.740930021,0.752799988,0.760630012,0.767390013,0.771399975,0.776030004,0.788640022,0.797339976,0.80805999,0.818009973,0.821959972,0.827030003,0.839890003,0.848959982,0.859790027,0.864899993,0.871990025,0.880869985,0.922789991,0.92197001,0.927150011,0.933449984,0.940320015,0.954620004,0.966709971,0.97067,0.97431,0.9803,1.00789,1.00939,1.01135,1.02213,1.01928,1.01816,
LMY,,,,,,,,,,,0.748440027,0.748059988,0.748660028,0.748529971,0.749779999,0.777390003,0.791220009,0.795319974,0.798150003,0.802190006,0.801360011,0.799199998,0.797290027,0.799629986,0.799719989,0.801490009,0.818899989,0.826889992,0.831640005,0.836279988,0.841149986,0.849489987,0.856630027,0.862649977,0.871370018,0.876800001,0.881560028,0.889159977,0.896179974,0.904150009,0.907630026,0.911499977,0.914950013,0.93513,0.936469972,0.942080021,0.946780026,0.951820016,0.959869981,0.967819989,0.96716,0.97007,0.97437,0.9908,0.9931,0.99365,1.00052,0.99813,0.99745,
LSO,,,,,,,,,,,1.449290037,,1.444180012,1.419049978,,1.405689955,1.402169943,1.421910048,1.437489986,1.433259964,1.410869956,1.374529958,1.330240011,1.312350035,1.281599998,1.266260028,1.253620028,1.251559973,1.240380049,1.225190043,1.228420019,1.221070051,1.202739954,1.18877995,1.173460007,,1.147050023,1.129819989,1.129119992,1.105929971,1.0607,1.04079,1.0395,1.03954,1.03165,1.03302,1.03238,1.03822,1.04358,1.05948,1.04917,1.04482,1.05025,1.04997,1.05064,1.0456,1.04344,1.04505,,
LTE,,,,,,,,,,,,,,,,0.856599987,0.875649989,0.877799988,0.878610015,0.879180014,0.877049983,0.867129982,0.861389995,0.862500012,0.866959989,0.86273998,0.886889994,0.897469997,0.903800011,0.911689997,0.919730008,0.925740004,0.934809983,0.937979996,0.949410021,0.956960022,0.962180018,0.964900017,0.97070998,0.974510014,0.978269994,0.980340004,0.980889976,0.983659983,0.989440024,0.992579997,0.995739996,0.999189973,1.001960039,1.006870031,0.99575,0.99766,1.00223,1.00729,1.01169,1.00798,1.00929,1.00829,1.00863,
LTU,,,,,,,,,,,,,,,,,,,,,,,,,,,,,,,,,,0.963919997,,1.017889977,1.011729956,1.005869985,0.998109996,0.997439981,0.99266,0.99094,0.98299,0.97884,0.99118,0.99333,0.99383,0.99581,0.99757,0.99616,0.9842,0.97748,0.9718,0.96683,0.96931,0.97013,0.96882,0.97139,,
LUX,,,,,,,,,,,,0.983120024,0.980449975,0.988160014,0.989629984,0.997730017,0.993740022,1.004400015,0.99150002,0.994669974,1.006929994,0.871659994,0.972230017,0.954200029,0.953890026,,0.992160022,0.998920023,1.019350052,,,,,,,,,,,1.028699994,1.03481,1.03093,1.02813,1.02568,1.02372,1.02759,1.02146,1.01653,1.01804,,1.02115,1.02649,1.02053,1.01679,1.01379,1.02045,1.0161,1.00946,,
LVA,,,,,,,,,,,,,,,,,,,,,,,,,,,,,,,,0.997699976,1.019860029,1.016839981,1.044659972,1.03629005,1.037129998,1.033800006,1.017230034,1.016039968,1.01221,1.00261,0.99259,0.98484,0.98616,0.99025,0.99456,0.99994,0.99647,0.99161,0.98412,0.97748,0.98103,0.98044,0.98579,0.99024,0.99312,0.9961,,
MAC,,,,,,,,,,,,0.959330022,1.089079976,1.126940012,1.074599981,,,,,,,,,,,,,,,,0.979770005,,0.994270027,0.996150017,,,,,,0.998600006,0.99719,1.00265,0.97707,0.95989,0.93724,0.93173,0.94196,0.94597,0.95905,0.97369,0.97276,0.97071,0.97752,0.98,0.98144,0.98461,0.99112,0.99508,0.99532,
MAF,,,,,,,,,,,,,,,,,,,,,,,,,,,,,,,,,,,,,,,,,,,,,,,,,,,,,,,,,,,,
MAR,,,,,,,,,,,,0.501429975,0.516460001,,0.552510023,0.55844003,0.572889984,0.579129994,0.59096998,0.601849973,0.608690023,0.618120015,0.630890012,0.643209994,0.644869983,0.650489986,0.65237999,0.656350017,0.657890022,0.662909985,0.692330003,0.700810015,0.704779983,0.714659989,0.726769984,0.740320027,0.750840008,0.761979997,0.780399978,0.808200002,0.83179,0.85435,0.86811,0.87981,0.88387,0.88653,0.88982,0.89508,0.89829,0.90505,0.9124,0.91374,0.91295,,,,,0.93019,0.94147,
MCO,,,,,,,,,,,,,,,,,,,,,,,,,,,,,,,,,,,,,,,,,,,,,,,,,,,,,,,,,,,,
MDA,,,,,,,,,,,,,,,,,,,,,,,,,,,,,,,1.051839948,1.053150058,1.053439975,1.059319973,1.056239963,1.020439982,,,,0.987309992,1.00997,1.01479,1.01672,1.02133,1.02957,1.0245,1.02707,1.01683,1.01387,1.01138,1.01461,1.01149,1.01033,1.0085,1.00653,1.00121,0.99762,0.99457,0.99388,
MDG,,,,,,,,,,,,0.82893002,0.835799992,,0.84059,,,,,,,,,,,,,,0.92347002,0.945949972,0.955370009,,,,,,,,,,,,,,,0.95652,0.95864,0.96357,0.96397,0.96801,,0.97112,0.97605,,0.98986,0.99374,0.99674,,1.00938,
MDV,,,,,,,,,,,,,,,,,,,,,,,,,,,,,,,,,,,0.990100026,0.994279981,0.988150001,0.995289981,1.001289964,1.004609942,1.01129,1.01124,1.02733,1.01913,1.02631,,,,,,,,,,,,,,,
MEA,,,,,,,,,,,0.589709997,0.588989973,0.59671998,0.605880022,0.613020003,0.622500002,0.63568002,0.649200022,0.660250008,0.681439996,0.694429994,0.707840025,0.719060004,0.730859995,0.743920028,0.756410003,0.766709983,0.774479985,0.779100001,0.791689992,0.804080009,0.814800024,0.828719974,0.838400006,0.843119979,0.857060015,0.847259998,0.869130015,0.878700018,0.889410019,0.898249984,0.906189978,0.912530005,0.919269979,0.92513001,0.93028003,0.934369981,0.942300022,0.939989984,0.938970029,0.93935,0.93718,0.9423,0.94591,0.94906,0.95259,0.95459,0.95568,0.95821,
MEX,,,,,,,,,,,,0.885909975,0.872590005,,0.890299976,0.87322998,0.862649977,0.917349994,0.918340027,0.932190001,0.942390025,0.951359987,0.949220002,0.933430016,0.936829984,0.936179996,0.948710024,0.95292002,0.956149995,0.963169992,0.962310016,0.97122997,0.958710015,0.962419987,0.960650027,0.963639975,0.96221,0.964709997,0.972459972,0.981540024,0.98946,0.9962,1.00138,1.00969,1.00507,1.00455,1.00862,1.01374,1.01976,1.0246,1.02506,1.02425,1.02397,1.0208,1.02283,1.02983,1.03638,1.03918,,
MHL,,,,,,,,,,,,,,,,,,,,,,,,,,,,,,,,,,,,,,,,1.018260002,,,0.97993,1.04791,0.99307,1.15487,1.00383,0.99232,1.03196,1.00926,,,,,,1.01565,1.02567,,,
MIC,,,,,,,,,,,0.757319987,0.756940007,0.756839991,0.756500006,0.757480025,0.786629975,0.800989985,0.804830015,0.807359993,0.811550021,0.810169995,0.807529986,0.803839982,0.80618,0.805909991,0.808369994,0.826439977,0.83427,0.840009987,0.844640017,0.849600017,0.858179986,0.865729988,0.872099996,0.881720006,0.888069987,0.89368999,0.901970029,0.909940004,0.91742003,0.920960009,0.925270021,0.929340005,0.95134002,0.953660011,0.957629979,0.961969972,0.966949999,0.975340009,0.98338002,0.98149,0.98395,0.98827,1.00656,1.00925,1.00858,1.01624,1.01358,1.01287,
MKD,,,,,,,,,,,,,,,,,,,,,,,,,,,,,,,,,,0.985599995,0.988690019,0.988780022,0.981859982,0.980790019,0.973770022,0.974919975,0.97304,0.97532,0.98051,0.97719,0.97413,0.9723,,0.9662,0.963,0.96688,0.97647,,0.98274,0.97928,0.97797,0.99062,,,,
MLI,,,,,,,,,,,,0.522159994,0.530960023,0.573310018,0.544669986,,0.527069986,,0.533179998,0.53986001,0.536769986,0.548089981,0.54914999,0.550979972,0.552829981,,,0.575030029,0.570379972,0.589569986,0.583769977,0.585460007,0.572730005,0.59780997,0.610889971,0.646740019,0.63854003,0.63312,0.665750027,0.678139985,0.70377,,,0.7123,0.73416,0.74574,0.75883,0.7783,0.78251,0.79075,0.80729,0.81824,,,0.83934,0.86426,0.83802,0.86822,0.8764,
MLT,,,,,,,,,,,,0.969190001,0.917819977,0.940970004,0.926100016,0.931990027,0.932110012,0.93572998,0.921329975,0.913330019,0.925490022,0.914030015,0.925230026,0.922689974,0.934689999,0.951460004,0.961149991,0.965399981,0.969340026,0.967750013,0.958940029,0.956139982,0.951669991,0.95381999,0.942359984,0.953639984,1.004349947,0.986140013,0.991940022,0.96706003,0.99082,0.97344,0.98645,0.99065,0.96271,0.96777,0.98874,0.97319,0.97916,,0.93522,1.00489,1.01256,1.01801,1.02657,1.04008,1.03104,,,
MMR,,,,,,,,,,,,0.796280026,0.817300022,,,,0.860459983,0.855210006,0.865390003,,,,,,,,0.903140008,0.898859978,0.904659986,0.911859989,0.920029998,0.938470006,0.942569971,0.942019999,0.947939992,,,,,0.967419982,0.99308,0.96121,0.9647,0.96781,0.96649,0.98666,0.9823,,,0.99125,1.0077,,,,0.98841,,1.01694,1.00478,,
MNA,,,,,,,,,,,0.575280011,0.574620008,0.58318001,0.59325999,0.600929976,0.61127001,0.625230014,0.639680028,0.651750028,0.674250007,0.687780023,0.701839983,0.713389993,0.725600004,0.739049971,0.75187999,0.762380004,0.769309998,0.773069978,0.786210001,0.79926002,0.810959995,0.825389981,0.834710002,0.838949978,0.853269994,0.84167999,0.864979982,0.875,0.886319995,0.894999981,0.902059972,0.908460021,0.915009975,0.920029998,0.924099982,0.928870022,0.937849998,0.935660005,0.935720026,0.93674,0.93564,0.94013,0.94564,0.95254,0.95484,0.95858,0.95844,0.96098,
MNE,,,,,,,,,,,,,,,,,,,,,,,,,,,,,,,,,,,,,,,,,,,,1.01356,1.01692,1.02656,1.02319,1.0197,1.10406,1.01724,1.02055,1.02066,1.02684,,,1.01127,1.00465,1.00782,,
MNG,,,,,,,,,,,,,,,,1.015290022,1.004379988,,,1.039330006,1.017860055,,,1.052929997,,,,,,,,1.061640024,,1.151729941,1.192139983,1.195690036,1.177569985,1.165799975,1.15455997,1.12480998,1.11674,1.11355,1.10488,1.08103,1.064,1.06137,1.05494,,,1.03254,1.02403,,,,,,,,,
MNP,,,,,,,,,,,,,,,,,,,,,,,,,,,,,,,,,,,,,,,,,,,,,,,,,,,,,,,,,,,,
MOZ,,,,,,,,,,,,,,0.525409997,,,,0.673579991,0.676720023,0.677670002,,0.70836997,0.718640029,0.709599972,,0.734650016,0.742089987,0.747370005,,,0.727569997,0.707080007,0.710699975,0.69964999,0.685490012,0.683640003,,,,0.725040019,0.73908,0.75538,0.7736,,0.81236,0.82217,0.83787,0.84432,0.85426,0.87064,0.87693,0.88809,0.89395,0.89897,0.90495,0.90603,,0.91769,,
MRT,,,,,,,,,,,,,,,,,,,,,,0.493000001,,,,,,0.617229998,0.647220016,0.650189996,0.667689979,0.692619979,0.72536999,0.76019001,0.784150004,0.793280005,0.805260003,0.8477,0.90575999,0.924860001,0.92761,0.92451,0.94521,0.96603,0.9813,1.00335,0.9908,,1.01476,1.00959,1.01052,1.01252,1.00435,1.02193,1.02126,1.02072,1.03877,1.05055,1.0468,
MUS,,,,,,,,,,,,0.929250002,0.926450014,0.934239984,0.939939976,0.940649986,0.939300001,0.941519976,0.948059976,0.954190016,0.97013998,0.966390014,0.960129976,0.957350016,0.951919973,0.962170005,0.964699984,0.972599983,0.99180001,0.995029986,1.004050016,,,,,,1.01572001,,1.005169988,0.992630005,0.98093,0.98546,0.99862,0.99496,0.98954,0.98692,1.01417,1.01476,1.0149,1.02297,1.02582,1.02767,1.02836,1.02303,1.01928,1.03202,1.03423,1.04808,1.04406,
MWI,,,,,,,,,,,,,0.619130015,0.612089992,,0.646640003,0.660329998,0.67377001,0.680069983,0.688660026,0.697329998,0.705550015,0.722469985,0.736190021,0.737909973,0.745760024,0.766009986,0.782299995,0.798160017,0.803480029,0.809379995,0.819570005,,0.883319974,0.913420022,0.873650014,0.872810006,,,0.889360011,0.90854,0.91339,0.91362,,0.96536,0.96577,0.97779,0.97618,0.97248,0.97913,0.9917,0.996,0.9919,0.99092,0.99294,0.99672,0.99742,1.01105,1.00112,
MYS,,,,,,,,,,,0.844590008,,,,,,,,,,0.978959978,0.987569988,0.992940009,0.992200017,0.999830008,1.00188005,,1.004500031,1.007910013,1.010439992,1.021880031,1.016350031,1.023450017,1.025740027,1.031730056,1.033059955,,,1.03433001,1.024850011,1.03748,1.03576,1.04011,1.0548,1.05433,1.04352,1.03987,1.0383,1.04065,1.03935,1.03811,1.04246,1.02718,1.03311,1.04204,1.04467,1.03882,1.03454,,
NAC,,,,,,,,,,,,,,,,,,,,,1.029459953,1.036170006,1.028980017,1.017490029,1.019260049,1.017539978,1.019619942,1.009469986,1.004979968,1.000759959,0.997979999,0.997959971,0.993019998,0.98901999,0.991299987,1.000589967,0.993629992,1.010370016,1.027819991,1.027179956,1.000409961,1.00711,1.001070023,1.001729965,1.005859971,1.002079964,1.000180006,1.001530051,0.998640001,1.00782001,0.99979,1.00325,0.99566,0.9979,1.00457,1.00531,0.99728,0.99466,0.9958,
NAM,,,,,,,,,,,,,,,,,,,,,,,,,,,,,,,,,,,,,,,,,,,,,,,,,,,,,,,,,,,,
NCL,,,,,,,,,,,,,,,,,,,,,,,,,,,,,,,,,,,,,,,,,,,,,,,,,,,,,,,,,,,,
NER,,,,,,,,,,,,0.536350012,0.532379985,0.535329998,0.543630004,0.543169975,0.537370026,0.526430011,0.515410006,0.537559986,0.511740029,0.511150002,,,,,,,0.521120012,0.527620018,0.528339982,0.529950023,0.545140028,0.562839985,,,0.59819001,0.61214,0.625339985,0.639919996,0.64684,0.65445,0.65679,0.66811,0.67289,0.68879,0.69667,0.71127,0.74458,0.75923,0.78936,0.79448,0.81021,0.81452,0.82613,0.82479,0.83138,0.83832,,
NGA,,,,,,,,,,,0.581910014,0.615459979,0.633099973,0.659990013,,,,0.722029984,0.753329992,0.74563998,0.743489981,0.751739979,0.747340024,0.701300025,0.676490009,,0.797990024,0.812940001,,0.832419991,0.782169998,,,,,,,,,0.823350012,0.81514,0.82727,0.81157,,0.82804,0.83964,0.84907,0.85558,0.87303,0.88796,0.89722,0.90817,0.9544,0.95258,0.95682,,0.93032,,,
NIC,,,,,,,,,,,1.020249963,1.023460031,1.029680014,1.036030054,,1.068940043,,1.044010043,,1.090510011,1.087679982,,1.085800052,1.096269965,1.120249987,1.243460059,1.212800026,1.209560037,1.220540047,1.198950052,,,,,,,,,1.077990055,1.066959977,1.06801,1.067,1.05313,,1.04005,1.03826,1.0379,1.04187,1.0422,,1.03516,,,,,,,,,
NLD,,,,,,,,,,,,0.939559996,0.946640015,0.954400003,0.95678997,0.959240019,0.966830015,0.96815002,0.973070025,0.979080021,0.981750011,0.98593998,0.988439977,0.98992002,0.989629984,0.995440006,0.982270002,0.981299996,0.972479999,0.973860025,0.969990015,0.970239997,0.970309973,0.986549973,0.954429984,0.963039994,0.960449994,0.968330026,0.970920026,0.96548003,0.96791,0.97342,0.97552,0.98123,0.97964,0.97888,0.98039,0.98107,0.98317,0.98642,0.99125,0.99332,0.99076,,,1.0088,1.0097,1.00799,,
NOR,,,,,,,,,,,,1.050549984,0.994220018,0.99703002,0.999629974,1.008090019,1.002249956,1.00383997,1.012799978,1.018769979,1.018550038,1.026090026,1.032240033,1.023740053,1.034530044,1.03105998,1.028519988,1.029510021,1.026939988,1.029250026,1.022950053,1.017359972,1.007969975,0.988240004,0.985390007,0.972350001,0.972379982,0.98089999,1.002959967,1.010149956,1.01295,1.0114,1.01104,1.00979,1.01471,1.00623,1.00148,0.9944,0.99041,0.98984,0.99305,0.99462,0.99437,0.98345,0.98223,0.98549,0.98537,0.97756,,
NPL,,,,,,,,,,,,,,,,,,,,,,0.361200005,0.372689992,0.383619994,0.407380015,0.416159987,0.424430013,0.43472001,0.462900013,0.518639982,0.551310003,0.581659973,0.611869991,0.62699002,0.652400017,0.670260012,0.692780018,,,0.723699987,0.74062,0.77268,0.78804,0.81287,,0.86773,0.91069,0.94644,0.97097,0.98486,1.02896,1.03849,1.05223,1.0522,1.05302,1.05463,1.05691,1.04678,,
NRU,,,,,,,,,,,,0.994189978,0.92264998,0.957189977,,,,,,,,,,,,0.917309999,,,,,,,,,,,,,,,1.16318,0.955,0.93259,0.92364,0.94846,0.95683,0.95447,0.98579,1.02111,,,,0.97721,,0.93766,,0.97432,,,
NZL,,,,,,,,,,,0.982559979,0.981289983,0.985689998,0.98931998,0.989459991,0.993099988,0.995800018,0.997550011,,1.001659989,1.000650048,1.000210047,1.003110051,0.999230027,0.999480009,1.002239943,0.998329997,0.998250008,0.998989999,0.997439981,0.992280006,0.996760011,0.99109,0.997870028,1.011710048,0.989939988,1.026450038,1.023200035,1.030099988,1.027660012,1.03322,,1.05998,1.05522,1.02987,1.02974,1.0231,1.01343,1.02653,1.01783,1.02847,1.03596,1.03803,1.04204,1.03816,1.0359,1.0378,1.03759,,
OED,,,,,,,,,,,0.895919979,0.898970008,0.898109972,0.912649989,0.921150029,0.933910012,0.946479976,0.961619973,0.975300014,0.978680015,0.984690011,0.991280019,0.98834002,0.98597002,0.986339986,0.986150026,0.98872,0.987689972,0.985339999,0.984220028,0.983950019,0.985409975,0.983959973,0.982490003,0.981130004,0.983690023,0.982969999,0.98706001,0.992449999,0.992950022,0.987990022,0.990320027,0.988139987,0.989719987,0.992649972,0.993449986,0.99326998,0.994700015,0.995840013,0.998960018,0.99651,0.99724,0.99604,0.99949,1.00168,1.00236,1.00132,0.99852,0.99927,
OMN,,,,,,,,,,,,0.162039995,0.150299996,0.206249997,0.292380005,0.346219987,0.383599997,0.408389986,0.42998001,0.462069988,0.473159999,0.50316,0.538060009,0.576489985,0.632250011,0.690569997,0.74466002,0.77956003,0.807690024,0.829569995,0.848380029,0.88775003,0.911040008,0.939760029,0.963050008,0.97183001,0.957329988,0.985440016,0.990490019,0.988520026,0.97855,0.98098,0.96804,0.96033,,0.97619,0.99357,0.99073,0.98145,0.95284,,0.98563,0.9974,1.04115,,1.01645,0.98555,0.9992,0.99092,
OSS,,,,,,,,,,,0.95310998,0.952530026,0.958980024,0.96578002,0.970860004,0.965520024,0.960810006,0.962970018,0.963829994,0.965849996,0.969290018,0.965430021,0.962220013,0.963460028,0.962329984,0.969860017,0.964569986,0.971509993,0.973259985,0.975430012,0.975889981,0.973969996,0.977840006,0.974929988,0.972249985,0.965960026,0.96717,0.963429987,0.960780025,0.958989978,0.958779991,0.959829986,0.95776999,0.961189985,0.959200025,0.961749971,0.970070004,0.974560022,0.981890023,0.984350026,0.98332,0.9806,0.99195,0.99636,0.99679,0.99564,0.99554,0.99974,1.00068,
PAK,,,,,,,,,,,,0.34691,0.357630014,0.385250002,0.38835001,0.396450013,0.408499986,0.400510013,0.445650011,0.458299994,0.460689992,0.468030006,0.476209998,0.462520003,0.46322,0.471890002,0.487489998,0.488029987,0.498149991,0.494610012,0.497209996,,,,,,,,,,,,,,,,0.78394,0.80499,0.81103,0.83018,0.82162,0.81727,0.81743,0.8145,0.82981,0.8325,0.83951,0.84596,0.84828,
PAN,,,,,,,,,,,0.987259984,0.989700019,0.988399982,0.985199988,0.997089982,0.992860019,0.998489976,1.001710057,1.004259944,1.006399989,1.012099981,1.01267004,1.01304996,1.010840058,1.00632,1.006649971,1.010040045,1.005579948,1.008159995,1.007830024,1.000380039,,,,,,,,,1.006719947,1.00348,1.00604,1.00332,,1.00559,1.00334,1.00816,1.00456,1.00505,1.00644,1.00068,1.00975,,1.00919,1.01641,1.00833,1.00378,1.0117,,
PER,,,,,,,,,,,0.850549996,,,,,,,0.928129971,0.933170021,0.925559998,0.922580004,0.935490012,0.92343998,,,0.944509983,,,,,,0.968169987,,,,0.972880006,,,0.983299971,0.984809995,0.98194,0.98196,0.98036,0.98294,0.99688,0.99646,1.00621,1.01252,1.0187,1.01281,1.01339,1.00292,0.98652,0.9921,0.99489,0.9987,0.98205,0.96765,0.95811,
PHL,,,,,,,,,,,,,,,,,,,,,,1.038830042,1.022160053,1.021100044,1.017060041,1.019719958,1.013290048,0.998730004,1.008540034,1.008059978,0.99763,,,,,,,,1.024009943,1.028749943,,1.03031,1.02638,1.02482,1.02566,1.03019,1.02784,1.02347,1.02132,1.0178,,,,,1.01531,1.00728,1.00882,1.01849,,
PLW,,,,,,,,,,,,,,,,,,,,,,,,,,,,,,,,,,,,,,,,0.952499986,0.95404,,,,0.991,,,,,,,,,0.99464,0.98585,,,,,
PNG,,,,,,,,,,,0.571349978,,,,0.566900015,0.590449989,0.591350019,0.613600016,,,,,,,0.773810029,,0.788879991,0.790030003,0.794139981,0.79914999,0.811689973,0.820200026,0.820909977,0.835569978,0.83397001,0.84491998,,,0.836749971,,,,,,,,,,,,,,0.85103,,,,0.8576,,,
POL,,,,,,,,,,,,,0.991840005,0.994400024,0.990400016,,,,,,,,,,,,,,,1.006719947,1.007640004,1.006960034,1.003669977,0.993210018,0.993520021,0.998179972,0.997489989,0.990079999,0.989950001,0.988330007,0.98562,0.98365,0.98073,0.97573,1.00457,0.99419,0.99023,0.99136,0.99323,0.99383,0.99321,0.99471,0.99529,0.9806,0.97989,,,0.98368,,
PRE,,,,,,,,,,,0.608299971,0.613610029,0.623570025,0.633270025,0.646570027,0.653050005,0.657299995,0.679019988,0.696780026,0.710870028,0.721059978,0.731809974,0.749979973,0.73684001,0.730849981,0.743480027,0.763400018,0.778509974,0.763040006,0.781599998,0.771690011,0.780059993,0.781229973,0.780520022,0.784659982,0.787090003,0.790970027,0.794390023,0.792519987,0.800629973,0.803330004,0.807290018,0.804350019,0.817879975,0.810350001,0.827160001,0.834249973,0.838680029,0.847869992,0.856329978,0.8633,0.86538,0.88122,0.88955,0.89381,0.9037,0.9027,0.90571,0.90737,
PRI,,,,,,,,,,,,,,,,,,,,,,,,,,,,,,,,,,,,,,,,,,,,,,,,,,1.03162,1.04508,1.03898,1.06451,1.04548,1.04235,1.04143,1.04041,,,
PRK,,,,,,,,,,,,,,,,,,,,,,,,,,,,,,,,,,,,,,,,,,,,,,,,,,,,,,,,1.00774,,,,
PRT,,,,,,,,,,,,0.925090015,0.938809991,0.94155997,0.949419975,0.96529001,0.964470029,0.964510024,0.971379995,0.985210001,0.885930002,,,,,,1.006459951,,0.959869981,,0.970719993,1.027519941,,1.040680051,1.016669989,1.015280008,1.021139979,,1.016800046,1.018489957,1.01087,1.0196,1.00531,1.01748,1.01955,1.01919,1.01329,1.00505,0.9977,1.00303,0.99839,0.99468,0.98526,0.97593,0.96825,0.96691,0.96993,0.97443,,
PRY,,,,,,,,,,,0.929880023,0.932919979,0.942910016,0.939830005,,0.947239995,0.94678998,0.948010027,0.951569974,,,,,,,,0.965040028,0.967689991,0.97003001,0.98743999,0.984740019,0.990700006,,0.993359983,0.992309988,1.001160026,0.999729991,1.001829982,0.998700023,0.993839979,0.99311,0.99102,0.98908,0.99032,0.99426,0.99832,1.00146,1.00172,1.00466,1.00654,1.00479,1.00831,1.01601,,,,,,,
PSE,,,,,,,,,,,,,,,,,,,,,,,,,,,,,,,,,,,,0.978070021,0.985599995,0.99871999,,1.014709949,1.0251,1.0388,1.03264,1.03024,1.02821,1.02752,1.03858,1.04089,1.04363,1.04209,1.04223,1.05875,1.05104,1.0599,1.0562,1.05897,1.06088,1.05643,1.06176,
PSS,,,,,,,,,,,0.913299978,0.905290008,0.930710018,0.927869976,0.952030003,0.962069988,0.957430005,0.962849975,0.963419974,0.967599988,0.966560006,0.967230022,0.971729994,0.974849999,0.974919975,0.979139984,0.98101002,0.981459975,0.979839981,0.978479981,0.978990018,0.975510001,0.980040014,0.980840027,0.985419989,0.989000022,0.989390016,0.989790022,0.998380005,1.005779982,1.008810043,1.004259944,1.006039977,1.002200007,0.999000013,1.005329967,1.004279971,0.99673003,1.002300024,1.01027,1.00855,1.00913,1.01697,1.01746,,,,,,
PST,,,,,,,,,,,0.914730012,0.917879999,0.917309999,0.931659997,0.939639986,0.95529002,0.970879972,0.983139992,0.998820007,1.00146997,1.007060051,1.013249993,1.009789944,1.009130001,1.009269953,1.00928998,1.011279941,1.009750009,1.006790042,1.004930019,1.004570007,1.005749941,1.005859971,1.003810048,1.001320004,1.004539967,1.002979994,1.008049965,1.013859987,1.013829947,1.003819942,1.006199956,1.003229976,1.003530025,1.003200054,0.999419987,0.999679983,0.999909997,0.997959971,0.999490023,0.99576,0.99672,0.9939,0.99841,1.00063,1.00042,0.99762,0.99562,0.99619,
PYF,,,,,,,,,,,,,,,,,,,,,,,,,,,,,,,,,,,,,,,,,,,,,,,,,,,,,,,,,,,,
QAT,,,,,,,,,,,,0.885200024,0.998880029,1.064210057,1.105640054,1.157680035,1.151520014,1.098309994,1.079460025,1.05072999,1.04053998,1.039399981,0.982739985,0.967890024,0.95717001,0.958280027,0.951250017,1.053120017,1.050979972,1.06013,1.05467999,1.036370039,1.035629988,1.031780005,0.998769999,0.983269989,0.989449978,,0.980149984,1.026270032,1.03358,1.06112,0.99614,0.94435,0.9045,0.9407,1.03513,,,,0.99655,,,,,,,,,
ROU,,,,,,,,,,,,0.956459999,0.95231998,0.954919994,0.958509982,,,,,,,,,,,,,,,0.980069995,0.979770005,0.996580005,1.003250003,0.997659981,1.015650034,1.017249942,1.011620045,1.001070023,1.008399963,1.010609984,1.01131,1.01004,1.01095,1.01097,1.0091,1.0085,1.00404,0.99711,0.9924,0.9937,0.98894,0.98565,0.98715,,,0.99453,0.99367,,,
RUS,,,,,,,,,,,,,,,,,,,,,,,,,,,,,,,,,,,1.015169978,,,,,,,,,0.99921,,0.993,0.99117,0.98819,0.98547,0.99126,,0.99193,0.99098,0.99185,0.98867,0.98881,0.99186,0.98316,,
RWA,,,,,,,,,,,,0.776579976,,,,,0.844869971,0.864639997,0.880819976,0.891380012,0.895619988,0.899290025,0.905610025,0.907769978,0.908879995,0.91377002,0.924510002,0.936179996,0.942659974,0.949400008,0.956309974,0.960860014,0.952400029,,,,,,,0.956330001,0.93998,0.96379,0.97687,0.98013,0.99794,1.00641,1.02309,1.00549,1.00503,1.00713,1.01434,1.02654,1.02889,1.03242,1.03743,1.02611,1.0154,1.01506,1.01159,
SAS,,,,,,,,,,,0.553179979,0.553539991,0.560949981,0.569350004,0.56783998,0.572839975,0.577199996,0.583220005,0.581610024,0.589280009,0.593580008,0.603980005,0.608020008,0.621219993,0.618430018,0.62826997,0.64568001,0.652869999,0.669210017,0.668370008,0.680130005,0.698230028,0.70964998,0.731060028,0.744899988,0.749960005,0.759649992,0.773699999,0.786870003,0.799250007,0.806500018,0.815800011,0.833779991,0.903199971,0.897140026,0.911329985,0.918889999,0.930069983,0.950489998,0.969120026,0.97082,0.98057,0.9843,1.03301,1.03264,1.03342,1.05172,1.04586,1.04319,
SAU,,,,,,,,,,,,,,,,,,,,0.604279995,,,,,,,,,,,,,,,,,,,,,,,,,,0.96443,,,,0.93121,,,,0.89874,0.87101,,,,,
SDN,,,,,,,,,,,,,,,,,,,,,,,,,,,,,,,,,,,,,,,,,,0.83605,0.87573,0.87418,0.87559,0.89197,0.88898,0.85974,0.87659,0.88352,0.88764,0.89308,0.89571,0.9106,0.91829,0.93485,0.94627,0.96226,,
SEN,,,,,,,,,,,,0.594389975,0.602010012,,,,,,0.622720003,0.631609976,0.633159995,0.633400023,0.635209978,0.636979997,0.639400005,0.645900011,0.64677,,0.662519991,0.668219984,0.678680003,,0.697040021,,,,0.754760027,0.771709979,0.793219984,0.786010027,0.82073,0.83839,0.85155,,0.89563,0.91056,0.92736,,0.95656,,0.99737,1.05032,1.0501,1.06085,1.07162,,,1.13302,1.12046,
SGP,,,,,,,,,,,,,,,,,,,,,,,,,,,,,,,,,,,,,,,,,,,,,,,,,,,,,,,,,0.99597,0.99495,,
SLB,,,,,,,,,,,0.607630014,0.554780006,,,,0.632210016,,,,,,,,,,,0.792659998,,,,0.821280003,0.816999972,0.81686002,0.818979979,0.837909997,,,,,0.882770002,0.88988,,0.90083,,,0.91695,0.92115,0.9203,,,0.94221,0.95814,0.97344,,,,,,,
SLE,,,,,,,,,,,,0.595799983,0.604659975,0.579930007,0.593810022,0.587090015,0.597599983,0.603919983,0.606869996,,,,,,0.638379991,0.63906002,,,0.645929992,0.668079972,0.650269985,0.667990029,,,,,,,,,,0.71455,,,,,,,,,,0.90074,0.95709,0.96942,,0.97907,0.98866,1.00591,,
SLV,,,,,,,,,,,0.918730021,0.914200008,0.919889987,0.915709972,0.921530008,0.926159978,0.936969995,0.927820027,0.934239984,0.939740002,0.975099981,,,0.976199985,0.993019998,,,,1.010480046,0.987209976,,1.005800009,0.999639988,0.994639993,,,,,0.95806998,0.948189974,0.95002,0.95804,0.95122,0.96676,0.97036,0.97261,0.97702,1.00117,0.97592,0.97274,0.9662,0.96291,0.96347,0.97047,0.97707,0.97833,0.97582,0.97602,,
SMR,,,,,,,,,,,,0.944939971,0.94641,0.951430023,0.968460023,0.995580018,0.980629981,0.970719993,0.934310019,0.988219976,1.012599945,1.049810052,0.988799989,0.989409983,1.003229976,1.03125,1.044909954,1.04666996,1.057979941,1.040879965,1.033990026,1.081210017,1.058840036,1.03681004,1.026350021,,1.016690016,1.032989979,,,1.05288,,,,,,,,1.03886,1.02819,1.06913,1.00846,0.98559,,,,,,1.01905,
SOM,,,,,,,,,,,,0.2949,0.298269987,0.319750011,0.36511001,,0.506990016,0.532379985,0.558879972,0.552349985,0.561659992,0.540750027,0.536729991,0.532159984,0.548870027,0.533559978,0.517310023,,,,,,,,,,,,,,,,,,,,,0.5371,,,,,,,,,,,,
SRB,,,,,,,,,,,,,,,,,,,,,,,,,,,,,,,,,,,,,,,,1.003900051,1.01077,1.0112,1.01645,1.02382,1.021,1.02161,1.02439,1.01898,1.01752,1.01433,1.01182,1.01679,1.01915,1.01842,1.01616,1.00882,1.0081,1.00548,1.00656,
SSA,,,,,,,,,,,0.708230019,0.712819993,0.720459998,0.727890015,0.736930013,0.73882997,0.738799989,0.750169992,0.759930015,0.761879981,0.768850029,0.77658999,0.778039992,0.767589986,0.764280021,0.778410017,0.797280014,0.810310006,0.796790004,0.819949985,0.814840019,0.82269001,0.828769982,0.829519987,0.831110001,0.830919981,0.834800005,0.835009992,0.832669973,0.839439988,0.839380026,0.84355998,0.838429987,0.845669985,0.850660026,0.859269977,0.867690027,0.872579992,0.881860018,0.890349984,0.89678,0.89709,0.91199,0.92014,0.92522,0.93086,0.93285,0.9354,0.93666,
SSD,,,,,,,,,,,,,,,,,,,,,,,,,,,,,,,,,,,,,,,,,,,,,,,,,,,,0.64714,,,,0.68539,,,,
SSF,,,,,,,,,,,0.708339989,0.712939978,0.720560014,0.727999985,0.737039983,0.738950014,0.738889992,0.750259995,0.760010004,0.761950016,0.768920004,0.776660025,0.778100014,0.767650008,0.764339983,0.778460026,0.797330022,0.810350001,0.796829998,0.819980025,0.81487,0.822719991,0.828800023,0.829550028,0.831139982,0.830950022,0.83484,0.835039973,0.832690001,0.839470029,0.839410007,0.843580008,0.838450015,0.845690012,0.850679994,0.859290004,0.867709994,0.872590005,0.881869972,0.890370011,0.8968,0.89711,0.912,0.92014,0.92522,0.93087,0.93285,0.93541,0.93667,
SST,,,,,,,,,,,0.969879985,0.969850004,0.977100015,0.98032999,0.984089971,0.986819983,0.98714,0.984560013,0.985210001,0.986500025,0.990930021,0.988179982,0.984070003,0.984420002,0.98277998,0.987789989,0.985520005,0.985499978,0.987500012,0.989979982,0.989639997,0.985840023,0.987079978,0.983829975,0.983020008,0.978929996,0.980849981,0.978359997,0.975160003,0.974099994,0.973930001,0.973640025,0.974179983,0.97566998,0.973590016,0.976329982,0.982620001,0.985230029,0.990670025,0.991190016,0.99239,0.99071,1.00005,1.00187,1.00213,1.00308,1.00021,1.00367,1.00303,
STP,,,,,,,,,,,,0.804589987,0.957549989,,,,,0.904500008,,,,,,,,,,,0.949890018,,,,,,,,,,,,,,,0.99061,0.97623,0.98062,,1.00575,0.99372,1.02791,0.99963,1.01202,1.01585,1.01866,1.01152,1.01635,1.02456,1.04055,,
SUR,,,,,,,,,,,,0.996770024,1.000560045,1.018210053,1.005329967,0.960259974,1.010730028,0.973089993,0.990949988,0.986639977,,,,,,,1.06219995,1.083619952,1.09563005,1.087309957,1.161550045,1.078089952,1.067669988,1.032649994,,,,,,,,1.07254,1.13984,,,1.11772,1.13183,1.12827,1.11532,1.09172,1.1054,1.13293,1.13278,1.14541,1.15494,1.13404,,,,
SVK,,,,,,,,,,,,,,,,,,,,,,,,,,,,,,,,,,1.022889972,1.023059964,1.031820059,1.021900058,1.01978004,1.010990024,1.010249972,1.00838,1.00672,1.00547,1.00175,1.00602,1.0038,1.00375,1.00459,1.00574,1.0075,1.00572,1.00298,1.00114,1.00738,1.00483,1.00452,1.00346,1.00609,,
SVN,,,,,,,,,,,,,,,,,,,,,,,,,,,,,,,,,,1.031649947,1.02699995,1.024479985,1.023509979,1.020619988,1.020519972,1.017500043,1.03024,1.01182,0.99878,0.99207,0.99664,0.99319,0.99622,0.99385,0.99619,0.99907,0.99579,0.99661,1.00162,1.00582,1.00568,1.00969,1.01759,1.01459,,
SWE,,,,,,,,,,,,1.000210047,0.993950009,1.006270051,1.007590055,1.006649971,1.043750048,1.037670016,1.040899992,1.035419941,1.049059987,1.052080035,1.062549949,1.061640024,1.061190009,1.066100001,,1.018169999,1.012199998,1.019559979,1.023010015,1.024009943,1.023020029,1.081310034,1.078390002,1.087769985,1.099069953,1.108839989,1.150640011,1.152240038,1.15219,1.14744,1.12452,1.10785,1.0136,0.99616,0.99632,0.99474,0.99409,0.99341,0.99192,0.99264,0.99234,1.09826,1.0963,1.09108,1.07134,1.03991,,
SWZ,,,,,,,,,,,0.90022999,0.901390016,0.893230021,0.900279999,0.916649997,0.929709971,0.938510001,0.951659977,,,,,,,,,,,,,,,,,,,,,0.97043997,0.969070017,0.95922,0.95899,0.93863,0.94455,0.92333,0.92949,0.91948,0.88712,,0.90968,0.91243,0.89645,0.91375,0.9225,0.93162,0.93545,0.94169,,,
SXM,,,,,,,,,,,,,,,,,,,,,,,,,,,,,,,,,,,,,,,,,,,,,,,,,,,,,1.01798,,0.97911,,,,,
SYC,,,,,,,,,,,1.105900049,1.112709999,1.099589944,1.130599976,1.126710057,1.182240009,1.123639941,,1.115020037,1.087170005,1.07731998,1.066210032,1.078189969,1.052440047,,1.028300047,1.003700018,0.991609991,0.994029999,0.987760007,,0.996569991,0.999360025,1.006440043,1.021909952,1.008219957,1.020900011,,1.010660052,1.047719955,1.05795,1.03952,1.03347,1.02968,1.04513,1.02475,1.03299,1.05988,1.07795,1.06876,1.04991,1.05626,1.02156,1.05604,1.03241,1.04928,1.06589,1.08063,1.06238,
SYR,,,,,,,,,,,,0.512619972,0.53640002,0.559310019,0.578750014,0.592499971,0.607050002,0.626219988,0.641659975,0.660529971,0.698310018,0.718900025,0.740750015,0.756820023,0.775560021,0.796350002,0.814769983,0.82832998,0.836860001,0.840910017,0.850170016,0.855440021,0.865540028,0.881280005,0.884790003,0.891149998,0.901520014,0.910109997,0.917980015,0.917630017,0.92302,0.92545,0.93128,0.94695,0.95506,0.96413,0.97222,0.98268,0.98696,0.9887,0.98561,0.98429,0.98358,0.98231,,,,,,
TCA,,,,,,,,,,,,,,,,,,,,,,,,,,,,,,,,,,,,,,,,,,,,,,,,,,,,,,,,,,,,
TCD,,,,,,,,,,,,0.310059994,0.30862999,,0.317699999,,,,,,,,,,,0.347779989,,0.368360013,,0.395909995,0.414909989,,,,0.445650011,0.446759999,0.456470013,0.485929996,0.508880019,0.536539972,0.56186,0.58063,0.59446,0.60137,0.59932,0.61297,0.61624,0.64443,0.63854,0.63833,0.65927,0.6783,0.69263,0.69535,0.6941,0.69872,0.69908,,,
TEA,,,,,,,,,,,,,,,,0.813459992,0.840200007,0.844089985,0.845799983,0.838129997,0.834739983,0.822759986,0.816330016,0.820720017,0.825500011,0.830900013,0.845399976,0.859189987,0.86589998,0.876030028,0.881720006,0.892009974,0.903180003,0.905600011,0.921589971,0.928849995,0.936429977,0.942759991,0.949540019,0.958769977,0.963810027,0.967679977,0.968710005,0.970939994,0.978320003,0.982110023,0.986800015,0.988590002,0.992720008,0.99642998,0.99329,0.99625,0.99792,0.99882,1.00236,1.00152,1.00486,1.00582,1.00706,
TEC,,,,,,,,,,,,,,,,,,,,,,0.962970018,0.965799987,0.967890024,0.96894002,0.97013998,0.970749974,0.970960021,0.971580029,0.971780002,0.972840011,0.973959982,0.974870026,0.973829985,0.975139976,0.974120021,0.974300027,0.97438997,0.970179975,0.966920018,0.968410015,0.963919997,0.962459981,0.959299982,0.965499997,0.966600001,0.970399976,0.971989989,0.975880027,0.981469989,0.98079,0.98031,0.98463,0.98638,0.98773,0.98858,0.98955,0.98331,0.98342,
TGO,,,,,,,,,,,,0.43125999,0.446859986,0.454759985,0.466919988,0.474429995,0.491059989,0.501420021,0.519159973,0.537220001,0.546909988,,0.569180012,0.574710011,0.56862998,0.561209977,0.552079976,0.554499984,0.559490025,0.565630019,0.578580022,0.587140024,0.593240023,,0.595040023,0.608839989,0.616850019,0.632700026,,0.669920027,0.69135,0.70089,0.71415,0.7219,0.73548,0.74424,0.75646,0.75524,,,,,,,,,,0.87474,,
THA,,,,,,,,,,,,0.872349977,,0.880370021,0.881359994,0.889079988,0.89744997,0.906939983,0.915189981,,,,,,,,,,,,,0.972239971,0.97408998,0.974720001,,,,,,,,0.97655,0.98509,,1.01289,1.00289,1.01591,1.02389,1.02393,1.02934,1.0268,1.02876,1.02716,1.03693,1.03778,0.95383,0.99988,0.97841,,
TJK,,,,,,,,,,,,,,,,,,,,,,,,,,,,,,,,,,,,,,,,0.897109985,0.88826,0.87125,0.8763,0.88102,0.88671,0.88672,0.88252,0.89216,0.91157,0.92076,0.91234,0.91611,0.93028,0.9317,,,,,,
TKM,,,,,,,,,,,,,,,,,,,,,,,,,,,,,,,,,,,,,,,,,,,,,,,,,,,,,,,0.96661,,,,,
TLA,,,,,,,,,,,0.962369978,0.965359986,0.961470008,0.967429996,0.975160003,0.984099984,0.985679984,0.983519971,0.984889984,0.998749971,1.001240015,1.003880024,1.001569986,1.001009941,0.999419987,0.989700019,1.003440022,1.005820036,1.010319948,1.011780024,1.016270041,1.014960051,1.01354003,1.012230039,1.010149956,1.008939981,1.005859971,1.007249951,1.006940007,1.009420037,1.011139989,1.00909996,1.009029984,1.018139958,1.016880035,1.016080022,1.017750025,1.025869966,1.026460052,1.027830005,1.02145,1.02074,1.02072,1.01908,1.02072,1.01668,1.01686,1.01231,1.01029,
TLS,,,,,,,,,,,,,,,,,,,,,,,,,,,,,,,,,,,,,,,,,,,,,0.92504,0.92757,,,0.94554,0.94592,0.95943,0.96464,0.96872,0.98002,1.0022,1.00228,1.00267,1.00522,1.0129,
TMN,,,,,,,,,,,0.570840001,0.570249975,0.578980029,0.589190006,0.59691,0.607439995,0.621619999,0.63628,0.64854002,0.671230018,0.684970021,0.699150026,0.71085,0.723200023,0.736790001,0.749740005,0.760370016,0.767390013,0.771200001,0.784449995,0.797619998,0.809430003,0.823939979,0.833329976,0.837629974,0.852029979,0.840210021,0.86352998,0.873520017,0.884809971,0.89339,0.900319993,0.906819999,0.913420022,0.918489993,0.922609985,0.927240014,0.936280012,0.934010029,0.934069991,0.93511,0.93378,0.93845,0.9439,0.95093,0.95322,0.95699,0.95689,0.9594,
TON,,,,,,,,,,,0.98615998,0.984549999,0.976970017,0.981729984,0.991050005,0.992980003,,,0.998300016,,,0.960300028,0.968320012,,1.016710043,1.036939979,1.007650018,,,,0.988089979,1.008440018,,0.995109975,,,,,1.046090007,1.036149979,1.02179,1.02035,1.02063,,,,0.98076,0.84415,0.99148,1.11408,1.02021,0.97432,1.00852,1.00861,1.02934,1.01038,,,,
TSA,,,,,,,,,,,0.553179979,0.553539991,0.560949981,0.569350004,0.56783998,0.572839975,0.577199996,0.583220005,0.581610024,0.589280009,0.593580008,0.603980005,0.608020008,0.621219993,0.618430018,0.62826997,0.64568001,0.652869999,0.669210017,0.668370008,0.680130005,0.698230028,0.70964998,0.731060028,0.744899988,0.749960005,0.759649992,0.773699999,0.786870003,0.799250007,0.806500018,0.815800011,0.833779991,0.903199971,0.897140026,0.911329985,0.918889999,0.930069983,0.950489998,0.969120026,0.97082,0.98057,0.9843,1.03301,1.03264,1.03342,1.05172,1.04586,1.04319,
TSS,,,,,,,,,,,0.708339989,0.712939978,0.720560014,0.727999985,0.737039983,0.738950014,0.738889992,0.750259995,0.760010004,0.761950016,0.768920004,0.776660025,0.778100014,0.767650008,0.764339983,0.778460026,0.797330022,0.810350001,0.796829998,0.819980025,0.81487,0.822719991,0.828800023,0.829550028,0.831139982,0.830950022,0.83484,0.835039973,0.832690001,0.839470029,0.839410007,0.843580008,0.838450015,0.845690012,0.850679994,0.859290004,0.867709994,0.872590005,0.881869972,0.890370011,0.8968,0.89711,0.912,0.92014,0.92522,0.93087,0.93285,0.93541,0.93667,
TTO,,,,,,,,,,,,1.001600027,0.994809985,1.000640035,,,,1.000970006,,,,,1.009580016,1.025279999,1.016639948,1.017249942,,1.014230013,1.012150049,1.015939951,1.026659966,1.01394999,1.009160042,1.011860013,,,,,,,,,,,1.01081,,,,,,,,,,,,,,,
TUN,,,,,,,,,,,,0.604870021,0.60206002,0.606100023,0.607469976,0.617389977,0.63884002,0.649730027,0.661979973,0.679639995,0.689339995,0.707210004,0.727729976,0.741850019,0.762380004,0.78046,0.793240011,0.803780019,0.812560022,0.828890026,0.843770027,0.85977,0.876640022,0.891629994,0.909810007,0.922290027,0.93629998,0.947269976,,0.97487998,0.99523,1.00094,1.00113,1.0223,,1.04345,1.04713,,1.04604,1.04849,1.04806,1.03832,,,,,1.0678,,,
TUR,,,,,,,,,,,,0.637419999,0.649739981,0.667770028,0.68562001,,0.703939974,0.705839992,0.70678997,0.716350019,,,0.749650002,,0.771640003,,0.775020003,0.774039984,0.777090013,0.776499987,0.782260001,0.78500998,0.789849997,0.791509986,0.802479982,0.796209991,,0.804830015,,0.797439992,0.81856,0.81898,0.81989,0.82221,0.85345,0.8898,0.89778,0.90727,0.92684,0.94405,0.94782,0.94989,0.96473,0.97689,0.98054,0.98028,0.98184,0.96405,,
TUV,,,,,,,,,,,,,,,,,,,,,,,,,,,,,,,1.019870043,,,,,,,,0.92286998,,,1.03061,,,,,,,,,,,,,1.05311,1.06901,1.03703,,1.01437,
TZA,,,,,,,,,,,0.644699991,0.644999981,0.647589982,0.663869977,0.683539987,0.719609976,0.760439992,0.794130027,0.839940012,0.867829978,,0.914210021,0.937080026,0.965690017,,0.994260013,1.002169967,0.993950009,0.990819991,0.984619975,,0.976999998,0.967880011,0.970109999,0.977280021,0.979669988,0.983950019,0.985949993,,,,,,,,,,,,,0.97893,,,,1.03181,1.04113,1.03751,1.03073,1.0279,
UGA,,,,,,,,,,,,,,,,0.651040018,0.678330004,0.685599983,0.692409992,0.709789991,,0.726189971,0.72390002,,,,0.800069988,,,,0.775650024,,0.760469973,,0.888939977,,,0.851599991,,,,,,,0.95277,,,0.96106,,,,,,,,,,,,
UKR,,,,,,,,,,,,,,,,,,,,,,,,,,,,,,,,,,1.039379954,1.040470004,,,,,1.025030017,1.00796,0.99604,1.00529,1.00028,0.99163,0.9483,0.98939,0.99738,0.98842,0.98631,0.9856,0.98496,0.99164,0.98769,0.99587,,,,,
UMC,,,,,,,,,,,0.814840019,0.811280012,0.806829989,0.802540004,0.802869976,0.846480012,0.864610016,0.867699981,0.871330023,0.874090016,0.873369992,0.867070019,0.863030016,0.864380002,0.869509995,0.866519988,0.888180017,0.897119999,0.903500021,0.910730004,0.917240024,0.923640013,0.931270003,0.934660017,0.94490999,0.952220023,0.957570016,0.961570024,0.966960013,0.971310019,0.974699974,0.977079988,0.978309989,0.981570005,0.987510026,0.991699994,0.994780004,0.99891001,1.000810027,1.004430056,0.99569,0.99715,0.99969,1.0055,1.00991,1.00561,1.00874,1.00661,1.00657,
URY,,,,,,,,,,,1.016309977,1.049020052,1.044399977,1.059849977,,,,,1.075299978,1.02778995,,,,,,,,,,,,,,,1.068920016,1.074579954,,,1.120550036,1.062960029,1.0508,1.04951,1.04492,1.05576,1.05549,1.05426,1.0562,0.9788,1.03869,1.03799,1.06274,,,,,,,,,
USA,,,,,,,,,,,,,,,,,,,,,,1.038869977,1.032320023,1.020689964,1.022760034,1.020699978,1.02294004,1.011559963,,,0.997739971,0.998380005,,0.988919973,0.991439998,1.001360059,0.993629992,,1.031209946,,0.99935,1.00731,1.00125,1.00255,1.00766,1.00387,1.00163,1.00309,0.99985,1.00979,1.0008,1.00434,0.9949,0.9971,1.00423,1.00508,0.99626,0.99363,,
UZB,,,,,,,,,,,,,,,,,,,,,,,,,,,,,,,,,,,,,,,,0.991530001,0.98293,,,0.98128,0.97491,0.97979,0.98402,0.99032,0.99442,0.99926,0.9951,0.98879,0.98955,0.98811,0.98717,0.9872,0.98677,0.9865,,
VCT,,,,,,,,,,,,0.989639997,1.02177,,1.030660033,1.055719972,1.039360046,,,,,,1.076249957,,1.043930054,,1.055040002,1.064350009,,,,1.065600038,,,,,,,,,1.06276,1.02234,1.00928,1.00863,0.99883,1.01356,,1.02356,1.00983,0.99478,0.9919,0.97708,0.98576,0.97426,0.99271,0.99734,1.00498,0.99142,1.00522,
VEN,,,,,,,,,,,,1.031630039,1.031149983,1.035709977,1.043679953,1.043540001,,,,,,,,,1.061509967,1.060500026,1.05637002,1.056820035,1.057450056,1.060889959,,1.052070022,1.046569943,1.04727006,,,,,,1.05132997,1.04688,1.04188,1.03904,1.03675,1.03452,1.03371,1.03102,1.02628,1.02227,1.01912,1.01933,1.02064,1.0244,1.0293,1.0215,1.0183,1.01838,1.01936,,
VGB,,,,,,,,,,,,0.987890005,1.076820016,1.078840017,1.091779947,1.112800002,1.123870015,,,1.110790014,,1.126160026,,,1.086619973,1.047209978,,,,,0.987529993,1.004099965,1.03974998,,1.032760024,,,,,0.961520016,1.02807,1.02454,0.97789,0.99658,0.98019,1.01785,1.00905,1.03408,,1.01543,,0.97239,0.98586,0.99884,1.0079,0.98788,1.00269,1.01445,,
VIR,,,,,,,,,,,,,,,,,,,,,,,,,,,,,,,,,,,,,,,,,,,,,,,,,,,,,,,,,,,,
VNM,,,,,,,,,,,,,,,,,1.020290017,1.01394999,,,,,,,,,,,,,,,,,,,,,0.939800024,,,,,,,,,,,,,,,,,,,,,
VUT,,,,,,,,,,,0.858139992,0.912930012,0.917010009,0.907670021,0.891889989,0.906920016,0.894630015,0.891340017,0.898620009,,0.926880002,0.919160008,,,,,,,,,,0.930610001,,,,,,,,0.952939987,1.00727,0.96612,0.97801,0.95165,0.94795,,,,,,0.98422,,,,,0.98793,,,,
WLD,,,,,,,,,,,0.788749993,0.789120018,0.78836,0.789740026,0.791320026,0.815140009,0.828019977,0.832229972,0.83653003,0.838789999,0.839320004,0.837840021,0.835349977,0.836520016,0.835950017,0.837230027,0.851059973,0.857410014,0.860499978,0.863789976,0.867519975,0.874279976,0.879989982,0.884570003,0.89143002,0.89617002,0.899770021,0.906189978,0.913030028,0.919679999,0.921239972,0.924969971,0.92742002,0.944739997,0.945850015,0.95043999,0.954230011,0.958469987,0.965200007,0.97220999,0.97113,0.97362,0.97705,0.99176,0.99382,0.99435,0.99992,0.99767,0.99711,
WSM,,,,,,,,,,,1.027529955,,,,,1.120959997,1.032960057,1.054819942,1.029520035,1.042000055,1.018720031,,,,,,,,,,,,,,1.112179995,1.071419954,1.053949952,1.073549986,1.09157002,1.050230026,1.06876,1.06654,1.05681,1.06092,1.06067,1.05839,1.06591,1.07103,,1.05159,1.0548,1.06421,1.04941,,1.05727,1.04809,1.05147,,,
XKX,,,,,,,,,,,,,,,,,,,,,,,,,,,,,,,,,,,,,,,,,,,,,,,,,,,,,,,,,,,,
YEM,,,,,,,,,,,,,,,,,,,,,,,,,,,,,,,,,,,,,,,,0.491369992,,0.54675,,0.60033,0.62137,0.65186,,,0.72221,,0.74921,0.75347,0.76795,0.78789,,,0.82074,,,
ZAF,,,,,,,,,,,,,,,,,,,,,,,,,,,,,,1.040369987,1.047320008,1.051220059,,,1.032199979,,,,1.035979986,1.031419992,1.01217,1.01854,1.0133,1.00903,1.00831,1.0067,1.00494,1.00362,1.00007,1.00114,1.00054,0.99808,0.9982,,1.01611,0.95531,1.01781,1.01267,,
ZMB,,,,,,,,,,,0.777859986,,0.791220009,,0.802699983,,,,,0.84732002,0.851859987,0.863290012,0.863059998,,,,0.876250029,,0.881299973,,,,,,,,,,,,,,,,,,,,,,,,,,,,,,,
ZWE,,,,,,,,,,,0.808480024,0.815379977,0.812070012,0.816969991,0.826579988,0.838689983,0.847090006,0.862999976,0.868579984,0.871749997,,0.910809994,0.904709995,0.899879992,0.896120012,0.896449983,0.901419997,0.912930012,0.917559981,0.927990019,0.970749974,0.927990019,0.945150018,,,0.94709003,0.949280024,,,0.949090004,0.94562,0.94385,0.94233,0.94786,,,,,,,,,0.96703,0.97012,,,,,,
