"","country","R0","strategy","time","infections_lower","infections_median","infections_upper","deaths_lower","deaths_median","deaths_upper","hosp_inc_lower","hosp_inc_median","hosp_inc_upper","ICU_inc_lower","ICU_inc_median","ICU_inc_upper","hosp_occ_lower","hosp_occ_median","hosp_occ_upper","ICU_occ_lower","ICU_occ_median","ICU_occ_upper"
"1",4,3.5,"unmitigated",1,0,0,2,0,0,0,0,0,2,0,0,0,0,0,0,0,0,0
"2",4,3.5,"unmitigated",2,0,3,6,0,0,0,0,3,6,0,0,0,0,0,0,0,0,0
"3",4,3.5,"unmitigated",3,1.475,5,10,0,0,0,1.475,5,10,0,0,0,0,0,0,0,0,0
"4",4,3.5,"unmitigated",4,2.475,7,12.525,0,0,0,2.475,7,12.525,0,0,1,0,0,0,0,0,0
"5",4,3.5,"unmitigated",5,4,9.5,16,0,0,1,4,9.5,16,0,0,0.524999999999991,0,0,0,0,0,0
"6",4,3.5,"unmitigated",6,4,12,22.525,0,0,0,4,12,22.525,0,0,1,0,0,0,0,0,0
"7",4,3.5,"unmitigated",7,6.475,16,25,0,0,1,6.475,16,25,0,0,1,0,0,1,0,0,0
"8",4,3.5,"unmitigated",8,8,18,31.525,0,0,1,8,18,31.525,0,0,1,0,0,2,0,0,0
"9",4,3.5,"unmitigated",9,11.475,23,42.525,0,0,1,11.475,23,42.525,0,0,1,0,0,2,0,0,0
"10",4,3.5,"unmitigated",10,12.95,30,54.575,0,0,1,12.95,30,54.575,0,0,1,0,0,2.52499999999999,0,0,0
"11",4,3.5,"unmitigated",11,14.475,36,66.1999999999999,0,0,1,14.475,36,66.1999999999999,0,0,1,0,1,3,0,0,0
"12",4,3.5,"unmitigated",12,20.95,44,76.1,0,0,1,20.95,44,76.1,0,0,1,0,1,4,0,0,0
"13",4,3.5,"unmitigated",13,23.95,58,103.525,0,0,1,23.95,58,103.525,0,0,1.52499999999999,0,1,4.52499999999999,0,0,0
"14",4,3.5,"unmitigated",14,34.475,72,131.05,0,0,1.52499999999999,34.475,72,131.05,0,0,1.52499999999999,0,2,5,0,0,0
"15",4,3.5,"unmitigated",15,42.9,88.5,163.925,0,0,1.52499999999999,42.9,88.5,163.925,0,0,1,0,2,6,0,0,0
"16",4,3.5,"unmitigated",16,61,114,204.075,0,0,1,61,114,204.075,0,0,2,0,2,7,0,0,0
"17",4,3.5,"unmitigated",17,68.075,144,262.125,0,0,2,68.075,144,262.125,0,0,2,0,3,8.52499999999999,0,0,1
"18",4,3.5,"unmitigated",18,79.6,178,319.45,0,0,2,79.6,178,319.45,0,0,2,1,4,9,0,0,1
"19",4,3.5,"unmitigated",19,111.85,232.5,421.2,0,0,3,111.85,232.5,421.2,0,0,2.52499999999999,1,5,12,0,0,1
"20",4,3.5,"unmitigated",20,135.9,289,510.975,0,1,3,135.9,289,510.975,0,1,3,1,6,14.525,0,0,1
"21",4,3.5,"unmitigated",21,172.85,359,668.65,0,1,2.52499999999999,172.85,359,668.65,0,1,4,2,8,17.525,0,0,1
"22",4,3.5,"unmitigated",22,206.275,448.5,819.6,0,1,3,206.275,448.5,819.6,0,1,4,2.475,10,21.525,0,0,2
"23",4,3.5,"unmitigated",23,265.05,564.5,1076.025,0,1,5,265.05,564.5,1076.025,0,1,5,3.475,12,24.05,0,0,2
"24",4,3.5,"unmitigated",24,366.25,719,1277.375,0,1,4,366.25,719,1277.375,0,2,4,6,15,30.525,0,0,2
"25",4,3.5,"unmitigated",25,423.95,895.5,1685.35,0,2,5.52499999999999,423.95,895.5,1685.35,0,2,6.52499999999999,8,20,37,0,0,2
"26",4,3.5,"unmitigated",26,562.275,1142,2123.95,0,2,7,562.275,1142,2123.95,1,3,7,10.475,25,47.525,0,1,3
"27",4,3.5,"unmitigated",27,695,1408.5,2689.95,0,2,8,695,1408.5,2689.95,0,4,8.52499999999999,12.475,31,55.525,0,1,3.52499999999999
"28",4,3.5,"unmitigated",28,924.925,1807.5,3356.475,0,4,9.52499999999999,924.925,1807.5,3356.475,1,5,11,18.475,40,70.1499999999999,0,1,4
"29",4,3.5,"unmitigated",29,1120.425,2268,4178.95,1,5,10,1120.425,2268,4178.95,1,6,14.525,24,49,89.525,0,1,4
"30",4,3.5,"unmitigated",30,1387.225,2835.5,5309.55,2,6,12,1387.225,2835.5,5309.55,3,7.5,14.05,31,62.5,108,0,1,4
"31",4,3.5,"unmitigated",31,1774.35,3589.5,6658.425,2,8,14,1774.35,3589.5,6658.425,2.475,10,17,38.475,81,137.525,0,2,5
"32",4,3.5,"unmitigated",32,2253.575,4509.5,8426.975,2,9,22.525,2253.575,4509.5,8426.975,3.475,12,25.525,46.475,102,174.15,0,2,6
"33",4,3.5,"unmitigated",33,2826.35,5629,10584,4,12,25.525,2826.35,5629,10584,5,15,32.525,53.95,125.5,215.575,0,3,7.52499999999999
"34",4,3.5,"unmitigated",34,3483.325,7075,13267.125,5.475,14.5,30.1,3483.325,7075,13267.125,7,19,36.525,70.275,153,281.575,0,4,10
"35",4,3.5,"unmitigated",35,4461.275,8927,16640.3,7.95,18,34.05,4461.275,8927,16640.3,11.475,24.5,49,88.65,198,348.925,0.475,4.5,11.525
"36",4,3.5,"unmitigated",36,5577.55,11177,20720.375,9.475,23,46.1,5577.55,11177,20720.375,14,30,54.1,109.3,245.5,439.725,1,6,14
"37",4,3.5,"unmitigated",37,7069.15,14195,26104.2,10,27.5,52.525,7069.15,14195,26104.2,16,38,67.05,139.3,307.5,553.7,1.475,7,17
"38",4,3.5,"unmitigated",38,8886.25,17814.5,32889.425,14,36,69.6749999999999,8886.25,17814.5,32889.425,20.475,48,90.575,176.05,384,693.425,2.475,9,21
"39",4,3.5,"unmitigated",39,11189.975,22236.5,41111.725,18.475,46.5,79.7249999999999,11189.975,22236.5,41111.725,26,60.5,103.2,226.175,483,880.599999999999,4.475,12,26.1
"40",4,3.5,"unmitigated",40,13975.225,28040.5,51503.125,27,58.5,107.675,13975.225,28040.5,51503.125,36.95,76.5,137.3,288.4,612,1107.25,6,15.5,31.05
"41",4,3.5,"unmitigated",41,17594.65,35121,64135.825,34.9,68,131.1,17594.65,35121,64135.825,49.475,96.5,171.625,367.3,774,1413.7,8,19,37.05
"42",4,3.5,"unmitigated",42,22297.225,43923.5,80386.85,45.475,89,172.875,22297.225,43923.5,80386.85,52.125,118.5,217.525,473.15,966,1750.05,10,24,48
"43",4,3.5,"unmitigated",43,27670.175,55141,100107.425,54.95,114,204.35,27670.175,55141,100107.425,73.95,145.5,269.975,590.425,1213.5,2225.9,12.475,31,59.05
"44",4,3.5,"unmitigated",44,34837.275,68673,124201.4,68.8,140.5,233.675,34837.275,68673,124201.4,93.95,185,328.3,746.475,1509,2784.875,17.95,39,69
"45",4,3.5,"unmitigated",45,43745.25,86008,153223.75,83.5,177,314.4,43745.25,86008,153223.75,111.125,237,399.3,960.925,1906.5,3526.425,21.475,48.5,86.525
"46",4,3.5,"unmitigated",46,54563.5,106896,188886,104.95,219,366.825,54563.5,106896,188886,145.025,290,511.375,1192.65,2391.5,4409.975,28.475,62,112
"47",4,3.5,"unmitigated",47,68180.675,132526.5,231421.375,137.85,268,475.3,68180.675,132526.5,231421.375,183.45,356.5,620.65,1515.45,2997.5,5525.025,35.475,78,137.525
"48",4,3.5,"unmitigated",48,85049.95,164135.5,282629.5,169.95,340.5,569.95,85049.95,164135.5,282629.5,232.25,442,774.8,1924.4,3758,6915.025,46.425,99,172.575
"49",4,3.5,"unmitigated",49,106369.65,201910.5,340441.325,214.375,406.5,686.575,106369.65,201910.5,340441.325,281.2,552.5,892.799999999999,2426.2,4723,8635.05,59.95,125.5,211.575
"50",4,3.5,"unmitigated",50,131388.475,246436.5,407019.5,259.8,501,822.55,131388.475,246436.5,407019.5,349.85,663,1090.275,2993.725,5931.5,10721.075,72.9,157,267.575
"51",4,3.5,"unmitigated",51,162623.125,299025,481329.125,324.65,612.5,975.6,162623.125,299025,481329.125,427.35,809,1254.15,3727.2,7420.5,13409.6,89.475,195,350.1
"52",4,3.5,"unmitigated",52,200125.125,360665,562875.6,408.125,745,1136.25,200125.125,360665,562875.6,536.825,987,1538.925,4685.225,9298.5,16618.725,109.85,248,446.725
"53",4,3.5,"unmitigated",53,244610.2,430398.5,647818.675,495.75,882,1322.875,244610.2,430398.5,647818.675,628.75,1167,1763.625,5843.275,11536,20540.8,146.425,316.5,561.6
"54",4,3.5,"unmitigated",54,297330.15,505835.5,733037.975,585.25,1036.5,1504.8,297330.15,505835.5,733037.975,821.7,1379,1969.3,7354.625,14362,25224.525,187.7,392,701.2
"55",4,3.5,"unmitigated",55,358009.075,589114,814679.825,711.3,1215,1724.65,358009.075,589114,814679.825,948.675,1614,2292.025,9132.55,17710.5,30704.775,230.375,488.5,903.2
"56",4,3.5,"unmitigated",56,427549.175,674736.5,885352.575,871.575,1397,1874.35,427549.175,674736.5,885352.575,1148.85,1846,2416.675,11387.625,21703,37032.1,298.175,614.5,1132.575
"57",4,3.5,"unmitigated",57,504041.75,759873,942369.8,1004,1574,1964.3,504041.75,759873,942369.8,1353.8,2121,2610.3,14127.975,26605,44279.325,384.925,762.5,1406.975
"58",4,3.5,"unmitigated",58,586400.8,837723.5,980755.025,1231.475,1732,2090.65,586400.8,837723.5,980755.025,1593.7,2321.5,2697.75,17529.925,32288.5,52599.875,475.125,957.5,1731.9
"59",4,3.5,"unmitigated",59,671321.975,904940,997552.55,1377.8,1892,2135.1,671321.975,904940,997552.55,1836.175,2531.5,2820.15,21596.1,39025,61640.7,599.1,1191,2172.85
"60",4,3.5,"unmitigated",60,755154.525,956342,998374.5,1606.2,2032.5,2165.2,755154.525,956342,998374.5,2057.975,2669.5,2864.2,26509.7,46691.5,71560.925,759.3,1476,2690.7
"61",4,3.5,"unmitigated",61,834574.225,984336,999277.55,1706.125,2063.5,2168.05,834574.225,984336,999277.55,2294.325,2750,2890.225,32187.3,55322.5,81735.6,954.6,1836.5,3345.625
"62",4,3.5,"unmitigated",62,886979.25,989161.5,998688.375,1840.275,2081,2179.625,886979.25,989161.5,998688.375,2457.125,2753.5,2879.525,38790.975,64799,91991.75,1195.4,2299.5,4063.65
"63",4,3.5,"unmitigated",63,857746.375,977513.5,999158.4,1830.325,2057.5,2170.35,857746.375,977513.5,999158.4,2426.775,2743,2882.65,46248.65,74999.5,101966,1479.45,2863,4939.15
"64",4,3.5,"unmitigated",64,786719.025,952466.5,998952.25,1703.225,2026.5,2166.2,786719.025,952466.5,998952.25,2236.675,2674,2903.2,54721.6,85415,111217.25,1838.55,3522.5,5923.025
"65",4,3.5,"unmitigated",65,710394,901566,995608.85,1434.575,1889.5,2146.25,710394,901566,995608.85,2047.8,2540,2864.775,64186.85,95649.5,119298.25,2271.725,4325,7134.175
"66",4,3.5,"unmitigated",66,629913.775,835710,986290.225,1321.4,1765,2135.6,629913.775,835710,986290.225,1759.3,2348,2838.3,74184.225,105433,125420.8,2831.525,5251.5,8504.875
"67",4,3.5,"unmitigated",67,552303.6,762971,954203.85,1169.825,1600.5,2034.825,552303.6,762971,954203.85,1528.025,2136,2696.575,84553.2,114165.5,129595.075,3504.875,6335,9965.75
"68",4,3.5,"unmitigated",68,478894.8,685105.5,902801.425,980.075,1431,1915.95,478894.8,685105.5,902801.425,1319.575,1890.5,2523.975,94840.85,121610.5,131280.8,4295.375,7581.5,11622.5
"69",4,3.5,"unmitigated",69,411793.525,605818.5,838442.05,830.8,1270.5,1795.2,411793.525,605818.5,838442.05,1095.225,1651.5,2337.65,104537.725,127003.5,131489.85,5213.4,9012.5,13262.7
"70",4,3.5,"unmitigated",70,350439.8,529993,765626.525,719.725,1097,1650.675,350439.8,529993,765626.525,923.725,1454.5,2123.725,113407.45,130157.5,131793,6262.2,10583,14998.5
"71",4,3.5,"unmitigated",71,296494.45,456897,686776.074999999,605.075,952,1452.55,296494.45,456897,686776.074999999,787.975,1239,1949.5,119694.45,130472.5,131753.675,7517.075,12207.5,16607.5
"72",4,3.5,"unmitigated",72,249022.5,392240.5,608447.625,501.175,810.5,1266.925,249022.5,392240.5,608447.625,664,1058,1644.125,118039.625,129634,131947.15,8919.8,13984.5,18165.625
"73",4,3.5,"unmitigated",73,207815.975,332271.5,532453.625,422.025,675,1102.05,207815.975,332271.5,532453.625,557.175,890.5,1467.25,110585.025,126981.5,131959.3,10440.95,15652.5,19439.875
"74",4,3.5,"unmitigated",74,172656.95,280073.5,461112,350.55,559,952.749999999999,172656.95,280073.5,461112,433.925,739.5,1271,102377.575,121875.5,131439.15,12079.45,17274,20354.85
"75",4,3.5,"unmitigated",75,143746.7,235478.5,394881.35,279.85,469.5,819.475,143746.7,235478.5,394881.35,366.725,624,1103.875,93492.8,115186.5,130324.35,13760.95,18704,20883.35
"76",4,3.5,"unmitigated",76,118173.525,196448,336030.25,241.85,380.5,674.075,118173.525,196448,336030.25,306.8,512.5,920.324999999999,84498.575,107434.5,127179.05,15434.75,19864.5,21056.025
"77",4,3.5,"unmitigated",77,97711.625,163506,283260.55,187.95,316,564.275,97711.625,163506,283260.55,241.85,423.5,751.4,75604.775,99070.5,122230.9,16969.7,20643.5,21311.625
"78",4,3.5,"unmitigated",78,80368.375,135463.5,237862.075,141.65,256.5,466.625,80368.375,135463.5,237862.075,191.7,343.5,613.6,67001.375,90166,115841.05,18546.675,20932.5,21333.525
"79",4,3.5,"unmitigated",79,66191.025,111203.5,198069.6,127.95,208.5,397.75,66191.025,111203.5,198069.6,172.9,283,518.275,58823.725,81207,108198.8,18888.15,20947.5,21352.3
"80",4,3.5,"unmitigated",80,54291.775,91926,164924.8,96.9,166.5,327.125,54291.775,91926,164924.8,126.95,227.5,428.625,51162.05,72317.5,99618.175,18079.25,20740.5,21368.7
"81",4,3.5,"unmitigated",81,44463.225,75631,136437.05,77.95,138.5,277.3,44463.225,75631,136437.05,108.475,183.5,332.65,44208.925,63940,90844.1249999999,16596.9,20026,21264.675
"82",4,3.5,"unmitigated",82,36353.65,61924,112893.05,66.9,116,204.625,36353.65,61924,112893.05,89.475,151,293.475,37823.875,56093.5,82009.0999999999,14957.825,18885.5,21118.675
"83",4,3.5,"unmitigated",83,29650.95,50961,92615.4499999999,48.95,93.5,162.1,29650.95,50961,92615.4499999999,72.9,125.5,235.1,32265.85,48652,73160.5,13312.75,17468.5,20741.125
"84",4,3.5,"unmitigated",84,24294.65,41683.5,76347.0499999999,38.475,76,138.1,24294.65,41683.5,76347.0499999999,48.8,98.5,202.55,27275.625,41883,64701.05,11677,15974.5,20045.35
"85",4,3.5,"unmitigated",85,19783.325,34051,62781.5749999999,33,61.5,121.05,19783.325,34051,62781.5749999999,49.95,80.5,169.575,22918.05,35698,56785.075,10104.325,14313.5,18980.5
"86",4,3.5,"unmitigated",86,16347.675,27890.5,51120.0749999999,22.95,50.5,98.9749999999998,16347.675,27890.5,51120.0749999999,35.475,69,126.225,19023.5,30292,49156.4,8613.7,12610,17507.05
"87",4,3.5,"unmitigated",87,13241.425,22924,42425.9,21.475,40,78.05,13241.425,22924,42425.9,32.375,54,97.05,15777.725,25557,42298.9,7266.675,11072,16010.8
"88",4,3.5,"unmitigated",88,10787,18504.5,34564.625,17,32,61.575,10787,18504.5,34564.625,22,43.5,89,13115.075,21388,36199.125,6131.1,9558.5,14377.4
"89",4,3.5,"unmitigated",89,8833.35,15242.5,28104.475,12.475,27.5,55,8833.35,15242.5,28104.475,16.95,34.5,67.575,10796.15,17811.5,30720.475,5114.65,8164,12778.025
"90",4,3.5,"unmitigated",90,7195.9,12491.5,22938.375,9.475,22,44.525,7195.9,12491.5,22938.375,14.475,28,53.1,8907.5,14796.5,25909.525,4272.8,6947,11185.125
"91",4,3.5,"unmitigated",91,5975.125,10182.5,18806.275,7,17,35.05,5975.125,10182.5,18806.275,11,23,45.625,7325.025,12262.5,21695.225,3551.9,5859,9662.17499999999
"92",4,3.5,"unmitigated",92,4815.65,8323.5,15350.575,6,13,34,4815.65,8323.5,15350.575,7,20,41,5991.525,10141.5,17952.375,2939.55,4912,8216.22499999999
"93",4,3.5,"unmitigated",93,3953.925,6729.5,12615.05,4,11,26.575,3953.925,6729.5,12615.05,6.475,15,31.1,4896.95,8343,14913.4,2401.325,4078.5,7011.47499999999
"94",4,3.5,"unmitigated",94,3233.9,5556.5,10274.75,3.475,10,20,3233.9,5556.5,10274.75,3.475,12,25.525,3973.525,6806,12354.35,1958.8,3348,5897.3
"95",4,3.5,"unmitigated",95,2673.25,4537,8362.97499999999,2,7,15.525,2673.25,4537,8362.97499999999,4,10,21.05,3258.15,5581,10201.275,1616.275,2742,4909.325
"96",4,3.5,"unmitigated",96,2165.3,3702,6774.52499999999,1,6,15.525,2165.3,3702,6774.52499999999,3,8,17.525,2669.55,4573.5,8330.02499999999,1323.7,2240.5,4040.55
"97",4,3.5,"unmitigated",97,1744.4,2979,5578.79999999999,1.475,5,14,1744.4,2979,5578.79999999999,2,6,15,2157,3739.5,6822.07499999999,1069.775,1837.5,3354.2
"98",4,3.5,"unmitigated",98,1389.975,2449,4595.775,1,4,10.525,1389.975,2449,4595.775,1,5,11.525,1749.425,3042.5,5603.74999999999,853.9,1496,2768.625
"99",4,3.5,"unmitigated",99,1160.25,1995,3721.875,0.475,3,9,1160.25,1995,3721.875,0.475,5,9,1441.4,2446,4569.47499999999,712.925,1207,2282.5
"100",4,3.5,"unmitigated",100,975.8,1613.5,3047.775,0,3,8,975.8,1613.5,3047.775,0,3.5,8,1155.1,1998.5,3752.475,570.6,985,1872.575
"101",4,3.5,"unmitigated",101,791,1337,2425.5,0,2,6.52499999999999,791,1337,2425.5,0,3,8,949.35,1624,3063.15,472.075,808.5,1546.025
"102",4,3.5,"unmitigated",102,625.6,1080.5,2007.1,0,2,5.52499999999999,625.6,1080.5,2007.1,0,2,6,776.55,1317,2513.05,374.9,661.5,1278.7
"103",4,3.5,"unmitigated",103,507.175,874.5,1664.75,0,1,4,507.175,874.5,1664.75,0,2,5.52499999999999,628.425,1067,2040.7,303.7,543.5,1052.175
"104",4,3.5,"unmitigated",104,437.275,715,1295.15,0,1,4,437.275,715,1295.15,0,2,4,509.975,863.5,1660.225,243.85,427,864.674999999999
"105",4,3.5,"unmitigated",105,353.8,587.5,1075.175,0,1,4,353.8,587.5,1075.175,0,1,4,427.275,703.5,1339.375,206.775,347,693.724999999999
"106",4,3.5,"unmitigated",106,294.8,486,904.124999999999,0,0,3,294.8,486,904.124999999999,0,1,3,355.95,568.5,1074.85,173.6,282,554.349999999999
"107",4,3.5,"unmitigated",107,239.125,392,741.974999999999,0,0,3,239.125,392,741.974999999999,0,0,3,289.8,455,872.124999999999,143.75,229,447.875
"108",4,3.5,"unmitigated",108,190.4,316,602.15,0,0,2.52499999999999,190.4,316,602.15,0,1,3,231.9,369,725.449999999999,110.8,182.5,367.725
"109",4,3.5,"unmitigated",109,157.375,259,498.35,0,0,2,157.375,259,498.35,0,0,3.04999999999998,190.95,297,580.225,88.9,149,296.175
"110",4,3.5,"unmitigated",110,127.175,213,401.1,0,0,2,127.175,213,401.1,0,0,2.52499999999999,153.95,248.5,479.175,70.95,124.5,246.175
"111",4,3.5,"unmitigated",111,95.475,170,314.25,0,0,2,95.475,170,314.25,0,0,2.52499999999999,116.8,201,391.1,54.375,102,199.725
"112",4,3.5,"unmitigated",112,83.475,141.5,269.725,0,0,1,83.475,141.5,269.725,0,0,2,89.225,161,310.15,43.95,81,153.525
"113",4,3.5,"unmitigated",113,67.425,111,203.1,0,0,1.52499999999999,67.425,111,203.1,0,0,2,72.95,129,247.15,36.425,64,125.575
"114",4,3.5,"unmitigated",114,51.95,94,189.6,0,0,1,51.95,94,189.6,0,0,1,57.275,109,204.625,27.475,52,101.525
"115",4,3.5,"unmitigated",115,44.475,74,150.2,0,0,1,44.475,74,150.2,0,0,1,45.85,89,165.575,21,43,82
"116",4,3.5,"unmitigated",116,34.475,61,126.25,0,0,1,34.475,61,126.25,0,0,1,37.475,73,137.525,15.475,35.5,72
"117",4,3.5,"unmitigated",117,26.475,51,98.2999999999999,0,0,1,26.475,51,98.2999999999999,0,0,1,32,61,115.575,13.475,30,57
"118",4,3.5,"unmitigated",118,21.475,40,82.525,0,0,1,21.475,40,82.525,0,0,1,27.475,49.5,92.525,11.475,24,44
"119",4,3.5,"unmitigated",119,16.475,34,60.575,0,0,1,16.475,34,60.575,0,0,1,21.95,40.5,77.525,8.475,19,38
"120",4,3.5,"unmitigated",120,14.475,26.5,54.575,0,0,1,14.475,26.5,54.575,0,0,1,16,34,64.1,5,15,31
"121",4,3.5,"unmitigated",121,10.95,23,44.05,0,0,0.524999999999991,10.95,23,44.05,0,0,1,13.475,26,53.05,4,13,25.05
"122",4,3.5,"unmitigated",122,9.475,17,35,0,0,0,9.475,17,35,0,0,1,10.475,21,43.575,4.475,10,20.525
"123",4,3.5,"unmitigated",123,7,15,34.525,0,0,1,7,15,34.525,0,0,0,7.475,17,38,2.475,8,16.525
"124",4,3.5,"unmitigated",124,6,13,25.575,0,0,0,6,13,25.575,0,0,0,5.475,14,33,1.475,7,14.525
"125",4,3.5,"unmitigated",125,3,10,21.05,0,0,0,3,10,21.05,0,0,0,5,11,28,1,5,12.525
"126",4,3.5,"unmitigated",126,2,8,16.525,0,0,0,2,8,16.525,0,0,0,3,9,23.525,1,4,11.525
"127",4,3.5,"unmitigated",127,2,7,14,0,0,0,2,7,14,0,0,1,2,7,18.525,0,4,10
"128",4,3.5,"unmitigated",128,1.475,5,13,0,0,0,1.475,5,13,0,0,0,1,6,16,0,3,9.52499999999999
"129",4,3.5,"unmitigated",129,1,4,9,0,0,0,1,4,9,0,0,0,1,5,13,0,2,8.52499999999999
"130",4,3.5,"unmitigated",130,0.475,3,10,0,0,0,0.475,3,10,0,0,0,0.475,4,11.525,0,2,6.52499999999999
"131",4,3.5,"unmitigated",131,0,3,7.52499999999999,0,0,0,0,3,7.52499999999999,0,0,0,0,3,10.525,0,1,6
"132",4,3.5,"unmitigated",132,0,2,6.52499999999999,0,0,0,0,2,6.52499999999999,0,0,0,0,3,8,0,1,5
"133",4,3.5,"unmitigated",133,0,2,6,0,0,0,0,2,6,0,0,0,0,2,7,0,1,3.52499999999999
"134",4,3.5,"unmitigated",134,0,1,5,0,0,0,0,1,5,0,0,0,0,2,6,0,1,3
"135",4,3.5,"unmitigated",135,0,1,4.52499999999999,0,0,0,0,1,4.52499999999999,0,0,0,0,1,5.04999999999998,0,1,3
"136",4,3.5,"unmitigated",136,0,1,4,0,0,0,0,1,4,0,0,0,0,1,4,0,0,2
"137",4,3.5,"unmitigated",137,0,1,3.52499999999999,0,0,0,0,1,3.52499999999999,0,0,0,0,1,3.52499999999999,0,0,2
"138",4,3.5,"unmitigated",138,0,1,2,0,0,0,0,1,2,0,0,0,0,1,3,0,0,2
"139",4,3.5,"unmitigated",139,0,0,3,0,0,0,0,0,3,0,0,0,0,0,2.52499999999999,0,0,2
"140",4,3.5,"unmitigated",140,0,0,2,0,0,0,0,0,2,0,0,0,0,0,2,0,0,1
"141",4,3.5,"unmitigated",141,0,0,2,0,0,0,0,0,2,0,0,0,0,0,1.52499999999999,0,0,1
"142",4,3.5,"unmitigated",142,0,0,1.52499999999999,0,0,0,0,0,1.52499999999999,0,0,0,0,0,1,0,0,1
"143",4,3.5,"unmitigated",143,0,0,1,0,0,0,0,0,1,0,0,0,0,0,1,0,0,1
"144",4,3.5,"unmitigated",144,0,0,2,0,0,0,0,0,2,0,0,0,0,0,1,0,0,1
"145",4,3.5,"unmitigated",145,0,0,1,0,0,0,0,0,1,0,0,0,0,0,1,0,0,1
"146",4,3.5,"unmitigated",146,0,0,1,0,0,0,0,0,1,0,0,0,0,0,1,0,0,1
"147",4,3.5,"unmitigated",147,0,0,1,0,0,0,0,0,1,0,0,0,0,0,1,0,0,1
"148",4,3.5,"unmitigated",148,0,0,1,0,0,0,0,0,1,0,0,0,0,0,1,0,0,1
"149",4,3.5,"unmitigated",149,0,0,1,0,0,0,0,0,1,0,0,0,0,0,1,0,0,1
"150",4,3.5,"unmitigated",150,0,0,1,0,0,0,0,0,1,0,0,0,0,0,1,0,0,0
"151",4,3.5,"unmitigated",151,0,0,1,0,0,0,0,0,1,0,0,0,0,0,1,0,0,0
"152",4,3.5,"unmitigated",152,0,0,1,0,0,0,0,0,1,0,0,0,0,0,1,0,0,0
"153",4,3.5,"unmitigated",153,0,0,1,0,0,0,0,0,1,0,0,0,0,0,0.524999999999991,0,0,0
"154",4,3.5,"unmitigated",154,0,0,1,0,0,0,0,0,1,0,0,0,0,0,0.524999999999991,0,0,0
"155",4,3.5,"unmitigated",155,0,0,0,0,0,0,0,0,0,0,0,0,0,0,0.524999999999991,0,0,0
"156",4,3.5,"unmitigated",156,0,0,0.524999999999991,0,0,0,0,0,0.524999999999991,0,0,0,0,0,0,0,0,0
"157",4,3.5,"unmitigated",157,0,0,0,0,0,0,0,0,0,0,0,0,0,0,0,0,0,0
"158",4,3.5,"unmitigated",158,0,0,0,0,0,0,0,0,0,0,0,0,0,0,0,0,0,0
"159",4,3.5,"unmitigated",159,0,0,0,0,0,0,0,0,0,0,0,0,0,0,0,0,0,0
"160",4,3.5,"unmitigated",160,0,0,0,0,0,0,0,0,0,0,0,0,0,0,0,0,0,0
"161",4,3.5,"unmitigated",161,0,0,0,0,0,0,0,0,0,0,0,0,0,0,0.524999999999991,0,0,0
"162",4,3.5,"unmitigated",162,0,0,0,0,0,0,0,0,0,0,0,0,0,0,0.524999999999991,0,0,0
"163",4,3.5,"unmitigated",163,0,0,0,0,0,0,0,0,0,0,0,0,0,0,0,0,0,0
"164",4,3.5,"unmitigated",164,0,0,0,0,0,0,0,0,0,0,0,0,0,0,0,0,0,0
"165",4,3.5,"unmitigated",165,0,0,0,0,0,0,0,0,0,0,0,0,0,0,0,0,0,0
"166",4,3.5,"unmitigated",166,0,0,0,0,0,0,0,0,0,0,0,0,0,0,0,0,0,0
"167",4,3.5,"unmitigated",167,0,0,0,0,0,0,0,0,0,0,0,0,0,0,0,0,0,0
"168",4,3.5,"unmitigated",168,0,0,0,0,0,0,0,0,0,0,0,0,0,0,0,0,0,0
"169",4,3.5,"unmitigated",169,0,0,0,0,0,0,0,0,0,0,0,0,0,0,0,0,0,0
"170",4,3.5,"unmitigated",170,0,0,0,0,0,0,0,0,0,0,0,0,0,0,0,0,0,0
"171",4,3.5,"unmitigated",171,0,0,0,0,0,0,0,0,0,0,0,0,0,0,0,0,0,0
"172",4,3.5,"unmitigated",172,0,0,0,0,0,0,0,0,0,0,0,0,0,0,0,0,0,0
"173",4,3.5,"unmitigated",173,0,0,0,0,0,0,0,0,0,0,0,0,0,0,0,0,0,0
"174",4,3.5,"unmitigated",174,0,0,0,0,0,0,0,0,0,0,0,0,0,0,0,0,0,0
"175",4,3.5,"unmitigated",175,0,0,0,0,0,0,0,0,0,0,0,0,0,0,0,0,0,0
"176",4,3.5,"unmitigated",176,0,0,0,0,0,0,0,0,0,0,0,0,0,0,0,0,0,0
"177",4,3.5,"unmitigated",177,0,0,0,0,0,0,0,0,0,0,0,0,0,0,0,0,0,0
"178",4,3.5,"unmitigated",178,0,0,0,0,0,0,0,0,0,0,0,0,0,0,0,0,0,0
"179",4,3.5,"unmitigated",179,0,0,0,0,0,0,0,0,0,0,0,0,0,0,0,0,0,0
"180",4,3.5,"unmitigated",180,0,0,0,0,0,0,0,0,0,0,0,0,0,0,0,0,0,0
"181",4,3.5,"unmitigated",181,0,0,0,0,0,0,0,0,0,0,0,0,0,0,0,0,0,0
"182",4,3.5,"unmitigated",182,0,0,0,0,0,0,0,0,0,0,0,0,0,0,0,0,0,0
"183",4,3.5,"unmitigated",183,0,0,0,0,0,0,0,0,0,0,0,0,0,0,0,0,0,0
"184",4,3.5,"unmitigated",184,0,0,0,0,0,0,0,0,0,0,0,0,0,0,0,0,0,0
"185",4,3.5,"unmitigated",185,0,0,0,0,0,0,0,0,0,0,0,0,0,0,0,0,0,0
"186",4,3.5,"unmitigated",186,0,0,0,0,0,0,0,0,0,0,0,0,0,0,0,0,0,0
"187",4,3.5,"unmitigated",187,0,0,0,0,0,0,0,0,0,0,0,0,0,0,0,0,0,0
"188",4,3.5,"unmitigated",188,0,0,0,0,0,0,0,0,0,0,0,0,0,0,0,0,0,0
"189",4,3.5,"unmitigated",189,0,0,0,0,0,0,0,0,0,0,0,0,0,0,0,0,0,0
"190",4,3.5,"unmitigated",190,0,0,0,0,0,0,0,0,0,0,0,0,0,0,0,0,0,0
"191",4,3.5,"unmitigated",191,0,0,0,0,0,0,0,0,0,0,0,0,0,0,0,0,0,0
"192",4,3.5,"unmitigated",192,0,0,0,0,0,0,0,0,0,0,0,0,0,0,0,0,0,0
"193",4,3.5,"unmitigated",193,0,0,0,0,0,0,0,0,0,0,0,0,0,0,0,0,0,0
"194",4,3.5,"unmitigated",194,0,0,0,0,0,0,0,0,0,0,0,0,0,0,0,0,0,0
"195",4,3.5,"unmitigated",195,0,0,0,0,0,0,0,0,0,0,0,0,0,0,0,0,0,0
"196",4,3.5,"unmitigated",196,0,0,0,0,0,0,0,0,0,0,0,0,0,0,0,0,0,0
"197",4,3.5,"unmitigated",197,0,0,0,0,0,0,0,0,0,0,0,0,0,0,0,0,0,0
"198",4,3.5,"unmitigated",198,0,0,0,0,0,0,0,0,0,0,0,0,0,0,0,0,0,0
"199",4,3.5,"unmitigated",199,0,0,0,0,0,0,0,0,0,0,0,0,0,0,0,0,0,0
"200",4,3.5,"unmitigated",200,0,0,0,0,0,0,0,0,0,0,0,0,0,0,0,0,0,0
"201",4,3.5,"unmitigated",201,0,0,0,0,0,0,0,0,0,0,0,0,0,0,0,0,0,0
"202",4,3.5,"unmitigated",202,0,0,0,0,0,0,0,0,0,0,0,0,0,0,0,0,0,0
"203",4,3.5,"unmitigated",203,0,0,0,0,0,0,0,0,0,0,0,0,0,0,0,0,0,0
"204",4,3.5,"unmitigated",204,0,0,0,0,0,0,0,0,0,0,0,0,0,0,0,0,0,0
"205",4,3.5,"unmitigated",205,0,0,0,0,0,0,0,0,0,0,0,0,0,0,0,0,0,0
"206",4,3.5,"unmitigated",206,0,0,0,0,0,0,0,0,0,0,0,0,0,0,0,0,0,0
"207",4,3.5,"unmitigated",207,0,0,0,0,0,0,0,0,0,0,0,0,0,0,0,0,0,0
"208",4,3.5,"unmitigated",208,0,0,0,0,0,0,0,0,0,0,0,0,0,0,0,0,0,0
"209",4,3.5,"unmitigated",209,0,0,0,0,0,0,0,0,0,0,0,0,0,0,0,0,0,0
"210",4,3.5,"unmitigated",210,0,0,0,0,0,0,0,0,0,0,0,0,0,0,0,0,0,0
"211",4,3.5,"unmitigated",211,0,0,0,0,0,0,0,0,0,0,0,0,0,0,0,0,0,0
"212",4,3.5,"unmitigated",212,0,0,0,0,0,0,0,0,0,0,0,0,0,0,0,0,0,0
"213",4,3.5,"unmitigated",213,0,0,0,0,0,0,0,0,0,0,0,0,0,0,0,0,0,0
"214",4,3.5,"unmitigated",214,0,0,0,0,0,0,0,0,0,0,0,0,0,0,0,0,0,0
"215",4,3.5,"unmitigated",215,0,0,0,0,0,0,0,0,0,0,0,0,0,0,0,0,0,0
"216",4,3.5,"unmitigated",216,0,0,0,0,0,0,0,0,0,0,0,0,0,0,0,0,0,0
"217",4,3.5,"unmitigated",217,0,0,0,0,0,0,0,0,0,0,0,0,0,0,0,0,0,0
"218",4,3.5,"unmitigated",218,0,0,0,0,0,0,0,0,0,0,0,0,0,0,0,0,0,0
"219",4,3.5,"unmitigated",219,0,0,0,0,0,0,0,0,0,0,0,0,0,0,0,0,0,0
"220",4,3.5,"unmitigated",220,0,0,0,0,0,0,0,0,0,0,0,0,0,0,0,0,0,0
"221",4,3.5,"unmitigated",221,0,0,0,0,0,0,0,0,0,0,0,0,0,0,0,0,0,0
"222",4,3.5,"unmitigated",222,0,0,0,0,0,0,0,0,0,0,0,0,0,0,0,0,0,0
"223",4,3.5,"unmitigated",223,0,0,0,0,0,0,0,0,0,0,0,0,0,0,0,0,0,0
"224",4,3.5,"unmitigated",224,0,0,0,0,0,0,0,0,0,0,0,0,0,0,0,0,0,0
"225",4,3.5,"unmitigated",225,0,0,0,0,0,0,0,0,0,0,0,0,0,0,0,0,0,0
"226",4,3.5,"unmitigated",226,0,0,0,0,0,0,0,0,0,0,0,0,0,0,0,0,0,0
"227",4,3.5,"unmitigated",227,0,0,0,0,0,0,0,0,0,0,0,0,0,0,0,0,0,0
"228",4,3.5,"unmitigated",228,0,0,0,0,0,0,0,0,0,0,0,0,0,0,0,0,0,0
"229",4,3.5,"unmitigated",229,0,0,0,0,0,0,0,0,0,0,0,0,0,0,0,0,0,0
"230",4,3.5,"unmitigated",230,0,0,0,0,0,0,0,0,0,0,0,0,0,0,0,0,0,0
"231",4,3.5,"unmitigated",231,0,0,0,0,0,0,0,0,0,0,0,0,0,0,0,0,0,0
"232",4,3.5,"unmitigated",232,0,0,0,0,0,0,0,0,0,0,0,0,0,0,0,0,0,0
"233",4,3.5,"unmitigated",233,0,0,0,0,0,0,0,0,0,0,0,0,0,0,0,0,0,0
"234",4,3.5,"unmitigated",234,0,0,0,0,0,0,0,0,0,0,0,0,0,0,0,0,0,0
"235",4,3.5,"unmitigated",235,0,0,0,0,0,0,0,0,0,0,0,0,0,0,0,0,0,0
"236",4,3.5,"unmitigated",236,0,0,0,0,0,0,0,0,0,0,0,0,0,0,0,0,0,0
"237",4,3.5,"unmitigated",237,0,0,0,0,0,0,0,0,0,0,0,0,0,0,0,0,0,0
"238",4,3.5,"unmitigated",238,0,0,0,0,0,0,0,0,0,0,0,0,0,0,0,0,0,0
"239",4,3.5,"unmitigated",239,0,0,0,0,0,0,0,0,0,0,0,0,0,0,0,0,0,0
"240",4,3.5,"unmitigated",240,0,0,0,0,0,0,0,0,0,0,0,0,0,0,0,0,0,0
"241",4,3.5,"unmitigated",241,0,0,0,0,0,0,0,0,0,0,0,0,0,0,0,0,0,0
"242",4,3.5,"unmitigated",242,0,0,0,0,0,0,0,0,0,0,0,0,0,0,0,0,0,0
"243",4,3.5,"unmitigated",243,0,0,0,0,0,0,0,0,0,0,0,0,0,0,0,0,0,0
"244",4,3.5,"unmitigated",244,0,0,0,0,0,0,0,0,0,0,0,0,0,0,0,0,0,0
"245",4,3.5,"unmitigated",245,0,0,0,0,0,0,0,0,0,0,0,0,0,0,0,0,0,0
"246",4,3.5,"unmitigated",246,0,0,0,0,0,0,0,0,0,0,0,0,0,0,0,0,0,0
"247",4,3.5,"unmitigated",247,0,0,0,0,0,0,0,0,0,0,0,0,0,0,0,0,0,0
"248",4,3.5,"unmitigated",248,0,0,0,0,0,0,0,0,0,0,0,0,0,0,0,0,0,0
"249",4,3.5,"unmitigated",249,0,0,0,0,0,0,0,0,0,0,0,0,0,0,0,0,0,0
"250",4,3.5,"unmitigated",250,0,0,0,0,0,0,0,0,0,0,0,0,0,0,0,0,0,0
"251",4,3.5,"unmitigated",251,0,0,0,0,0,0,0,0,0,0,0,0,0,0,0,0,0,0
"252",4,3.5,"unmitigated",252,0,0,0,0,0,0,0,0,0,0,0,0,0,0,0,0,0,0
"253",4,3.5,"unmitigated",253,0,0,0,0,0,0,0,0,0,0,0,0,0,0,0,0,0,0
"254",4,3.5,"unmitigated",254,0,0,0,0,0,0,0,0,0,0,0,0,0,0,0,0,0,0
"255",4,3.5,"unmitigated",255,0,0,0,0,0,0,0,0,0,0,0,0,0,0,0,0,0,0
"256",4,3.5,"unmitigated",256,0,0,0,0,0,0,0,0,0,0,0,0,0,0,0,0,0,0
"257",4,3.5,"unmitigated",257,0,0,0,0,0,0,0,0,0,0,0,0,0,0,0,0,0,0
"258",4,3.5,"unmitigated",258,0,0,0,0,0,0,0,0,0,0,0,0,0,0,0,0,0,0
"259",4,3.5,"unmitigated",259,0,0,0,0,0,0,0,0,0,0,0,0,0,0,0,0,0,0
"260",4,3.5,"unmitigated",260,0,0,0,0,0,0,0,0,0,0,0,0,0,0,0,0,0,0
"261",4,3.5,"unmitigated",261,0,0,0,0,0,0,0,0,0,0,0,0,0,0,0,0,0,0
"262",4,3.5,"unmitigated",262,0,0,0,0,0,0,0,0,0,0,0,0,0,0,0,0,0,0
"263",4,3.5,"unmitigated",263,0,0,0,0,0,0,0,0,0,0,0,0,0,0,0,0,0,0
"264",4,3.5,"unmitigated",264,0,0,0,0,0,0,0,0,0,0,0,0,0,0,0,0,0,0
"265",4,3.5,"unmitigated",265,0,0,0,0,0,0,0,0,0,0,0,0,0,0,0,0,0,0
"266",4,3.5,"unmitigated",266,0,0,0,0,0,0,0,0,0,0,0,0,0,0,0,0,0,0
"267",4,3.5,"unmitigated",267,0,0,0,0,0,0,0,0,0,0,0,0,0,0,0,0,0,0
"268",4,3.5,"unmitigated",268,0,0,0,0,0,0,0,0,0,0,0,0,0,0,0,0,0,0
"269",4,3.5,"unmitigated",269,0,0,0,0,0,0,0,0,0,0,0,0,0,0,0,0,0,0
"270",4,3.5,"unmitigated",270,0,0,0,0,0,0,0,0,0,0,0,0,0,0,0,0,0,0
"271",4,3.5,"unmitigated",271,0,0,0,0,0,0,0,0,0,0,0,0,0,0,0,0,0,0
"272",4,3.5,"unmitigated",272,0,0,0,0,0,0,0,0,0,0,0,0,0,0,0,0,0,0
"273",4,3.5,"unmitigated",273,0,0,0,0,0,0,0,0,0,0,0,0,0,0,0,0,0,0
"274",4,3.5,"unmitigated",274,0,0,0,0,0,0,0,0,0,0,0,0,0,0,0,0,0,0
"275",4,3.5,"unmitigated",275,0,0,0,0,0,0,0,0,0,0,0,0,0,0,0,0,0,0
"276",4,3.5,"unmitigated",276,0,0,0,0,0,0,0,0,0,0,0,0,0,0,0,0,0,0
"277",4,3.5,"unmitigated",277,0,0,0,0,0,0,0,0,0,0,0,0,0,0,0,0,0,0
"278",4,3.5,"unmitigated",278,0,0,0,0,0,0,0,0,0,0,0,0,0,0,0,0,0,0
"279",4,3.5,"unmitigated",279,0,0,0,0,0,0,0,0,0,0,0,0,0,0,0,0,0,0
"280",4,3.5,"unmitigated",280,0,0,0,0,0,0,0,0,0,0,0,0,0,0,0,0,0,0
"281",4,3.5,"unmitigated",281,0,0,0,0,0,0,0,0,0,0,0,0,0,0,0,0,0,0
"282",4,3.5,"unmitigated",282,0,0,0,0,0,0,0,0,0,0,0,0,0,0,0,0,0,0
"283",4,3.5,"unmitigated",283,0,0,0,0,0,0,0,0,0,0,0,0,0,0,0,0,0,0
"284",4,3.5,"unmitigated",284,0,0,0,0,0,0,0,0,0,0,0,0,0,0,0,0,0,0
"285",4,3.5,"unmitigated",285,0,0,0,0,0,0,0,0,0,0,0,0,0,0,0,0,0,0
"286",4,3.5,"unmitigated",286,0,0,0,0,0,0,0,0,0,0,0,0,0,0,0,0,0,0
"287",4,3.5,"unmitigated",287,0,0,0,0,0,0,0,0,0,0,0,0,0,0,0,0,0,0
"288",4,3.5,"unmitigated",288,0,0,0,0,0,0,0,0,0,0,0,0,0,0,0,0,0,0
"289",4,3.5,"unmitigated",289,0,0,0,0,0,0,0,0,0,0,0,0,0,0,0,0,0,0
"290",4,3.5,"unmitigated",290,0,0,0,0,0,0,0,0,0,0,0,0,0,0,0,0,0,0
"291",4,3.5,"unmitigated",291,0,0,0,0,0,0,0,0,0,0,0,0,0,0,0,0,0,0
"292",4,3.5,"unmitigated",292,0,0,0,0,0,0,0,0,0,0,0,0,0,0,0,0,0,0
"293",4,3.5,"unmitigated",293,0,0,0,0,0,0,0,0,0,0,0,0,0,0,0,0,0,0
"294",4,3.5,"unmitigated",294,0,0,0,0,0,0,0,0,0,0,0,0,0,0,0,0,0,0
"295",4,3.5,"unmitigated",295,0,0,0,0,0,0,0,0,0,0,0,0,0,0,0,0,0,0
"296",4,3.5,"unmitigated",296,0,0,0,0,0,0,0,0,0,0,0,0,0,0,0,0,0,0
"297",4,3.5,"unmitigated",297,0,0,0,0,0,0,0,0,0,0,0,0,0,0,0,0,0,0
"298",4,3.5,"unmitigated",298,0,0,0,0,0,0,0,0,0,0,0,0,0,0,0,0,0,0
"299",4,3.5,"unmitigated",299,0,0,0,0,0,0,0,0,0,0,0,0,0,0,0,0,0,0
"300",4,3.5,"unmitigated",300,0,0,0,0,0,0,0,0,0,0,0,0,0,0,0,0,0,0
"301",4,3.5,"std_mitigation",1,0,0,1,0,0,0,0,0,0,0,0,0,0,0,0,0,0,0
"302",4,3.5,"std_mitigation",2,0,2,5,0,0,0,0,0,1,0,0,0,0,0,0,0,0,0
"303",4,3.5,"std_mitigation",3,0,3,6.52499999999999,0,0,0,0,0,1,0,0,0,0,0,0,0,0,0
"304",4,3.5,"std_mitigation",4,1,4,8.52499999999999,0,0,0,0,0,1,0,0,0,0,0,0,0,0,0
"305",4,3.5,"std_mitigation",5,1,5.5,10.525,0,0,0,0,0,1,0,0,0.524999999999991,0,0,0,0,0,0
"306",4,3.5,"std_mitigation",6,1.475,6,12.525,0,0,1,0,0,1,0,0,0,0,0,0,0,0,0
"307",4,3.5,"std_mitigation",7,2.475,6,12.525,0,0,1,0,0,1,0,0,0,0,0,1,0,0,0
"308",4,3.5,"std_mitigation",8,3.475,7,15.525,0,0,0,0,0,1,0,0,0.524999999999991,0,0,1,0,0,0
"309",4,3.5,"std_mitigation",9,3,9,16,0,0,0,0,0,1.52499999999999,0,0,0,0,0,1.52499999999999,0,0,0
"310",4,3.5,"std_mitigation",10,4,10,21.1499999999999,0,0,0,0,0,1,0,0,0,0,0,2.52499999999999,0,0,0
"311",4,3.5,"std_mitigation",11,3.475,10.5,25.525,0,0,1,0,0,1,0,0,1,0,0,3,0,0,0
"312",4,3.5,"std_mitigation",12,3,12,22.525,0,0,0,0,0,1.52499999999999,0,0,1,0,0,3,0,0,0
"313",4,3.5,"std_mitigation",13,5,14,27.525,0,0,1,0,0,1,0,0,0,0,1,3,0,0,0
"314",4,3.5,"std_mitigation",14,5,15,33.05,0,0,0.524999999999991,0,0,2,0,0,0.524999999999991,0,1,3,0,0,0
"315",4,3.5,"std_mitigation",15,6.475,17,40.575,0,0,1,0,0,2,0,0,1,0,1,3,0,0,0
"316",4,3.5,"std_mitigation",16,8,20,39.575,0,0,1,0,0,2,0,0,1,0,1,4.52499999999999,0,0,0.524999999999991
"317",4,3.5,"std_mitigation",17,8.475,24.5,51.05,0,0,1,0,0,1.52499999999999,0,0,1,0,1,5,0,0,1
"318",4,3.5,"std_mitigation",18,9.475,26.5,53,0,0,1,0,0,2,0,0,1,0,1,4.52499999999999,0,0,1
"319",4,3.5,"std_mitigation",19,12.475,31,58.525,0,0,1,0,0,2.52499999999999,0,0,1,0,1,5,0,0,1
"320",4,3.5,"std_mitigation",20,14.475,34.5,69.05,0,0,1,0,0,2,0,0,1,0,2,5,0,0,1
"321",4,3.5,"std_mitigation",21,15.475,39.5,83.625,0,0,1,0,0,2.52499999999999,0,0,1,0,2,5,0,0,1
"322",4,3.5,"std_mitigation",22,20,44,93.05,0,0,1,0,1,3,0,0,1,0,2,6,0,0,1
"323",4,3.5,"std_mitigation",23,20.95,48.5,102.975,0,0,1,0,1,3.52499999999999,0,0,1.52499999999999,0,3,7,0,0,1.52499999999999
"324",4,3.5,"std_mitigation",24,22.425,58.5,115.2,0,0,1,0,1,3,0,0,1,0,3,8,0,0,1
"325",4,3.5,"std_mitigation",25,30.475,67,134,0,0,1,0,1,4,0,0,1,0,3,8,0,0,1.52499999999999
"326",4,3.5,"std_mitigation",26,27.9,73,147,0,0,1,0,1,4,0,0,1.52499999999999,0,4,8.52499999999999,0,0,1
"327",4,3.5,"std_mitigation",27,35.425,87.5,162.05,0,0,1,0,1,5,0,0,2,0,4,10,0,0,1
"328",4,3.5,"std_mitigation",28,33.375,93,196.5,0,0,1,0,1,4.52499999999999,0,0,1,1,5,10,0,0,2
"329",4,3.5,"std_mitigation",29,53.225,106,223.15,0,0,2,0,1.5,5,0,0,1.52499999999999,1,5,13,0,0,2
"330",4,3.5,"std_mitigation",30,46.85,126.5,254.625,0,0,2,0,2,5.52499999999999,0,0,2,1.475,6,14.525,0,0,2
"331",4,3.5,"std_mitigation",31,54.375,144,281.05,0,0,1.52499999999999,0,2,6,0,0,2,2,6,15.525,0,0,2
"332",4,3.5,"std_mitigation",32,71.85,168,322.15,0,0,2,0,2,7,0,0,2,2,8,18.525,0,0,2
"333",4,3.5,"std_mitigation",33,80.85,188,365,0,0,2,0,3,9,0,0,2,2,8,21.575,0,0,2
"334",4,3.5,"std_mitigation",34,97,212,421.075,0,0,2,0,3,9.52499999999999,0,0,2,2,10,24,0,0,3
"335",4,3.5,"std_mitigation",35,102.475,235.5,472.025,0,0,2,0.475,4,9,0,1,3.52499999999999,3,12,27.525,0,1,3
"336",4,3.5,"std_mitigation",36,116.25,269,553.4,0,0,2,0,4,12.525,0,0.5,3,4,14,28,0,1,3.52499999999999
"337",4,3.5,"std_mitigation",37,131.65,315.5,627.549999999999,0,0,3,1,6,11.525,0,1,3,5,15,31.525,0,1,3.52499999999999
"338",4,3.5,"std_mitigation",38,157.325,343.5,718.975,0,0,3,1,6,12.525,0,1,3,5,17,38.525,0,1,3.52499999999999
"339",4,3.5,"std_mitigation",39,190.05,404,811.45,0,1,3.52499999999999,1,6,14.525,0,1,4,5.475,19,42.625,0,1,4.52499999999999
"340",4,3.5,"std_mitigation",40,204.45,462.5,890.025,0,1,4,1,8,16.525,0,1,4.52499999999999,7,22,47.575,0,1,5.52499999999999
"341",4,3.5,"std_mitigation",41,223.9,521,1047.05,0,1,3.52499999999999,2,9,20.525,0,1,5,9,25,52.525,0,1,5.52499999999999
"342",4,3.5,"std_mitigation",42,276.275,606.5,1204.15,0,1,4,2.95,9,22.05,0,1,4,10.475,29,56.1,0,2,6.04999999999998
"343",4,3.5,"std_mitigation",43,299.875,673.5,1347.175,0,1,3.52499999999999,2.95,11,24.05,0,2,6.52499999999999,12.475,31,63.05,0,2,5
"344",4,3.5,"std_mitigation",44,339.175,797,1549.725,0,1,5,4,12,29,0,2,5,16,35.5,70.525,0,2,6
"345",4,3.5,"std_mitigation",45,378.95,886,1773.95,0,2,5.52499999999999,4,14,29.525,0,2,6,19.475,41,81,0,2,6
"346",4,3.5,"std_mitigation",46,434.175,1002.5,2005.775,0,2,6.52499999999999,5,16,34.525,0,3,8,20.475,48.5,93.05,0,3,7
"347",4,3.5,"std_mitigation",47,510.075,1164,2330.4,0,2,6.52499999999999,7,19,39.525,0,3,8,23.475,54,107,0,3,7
"348",4,3.5,"std_mitigation",48,575,1326,2586.5,0,3,6.52499999999999,7,21,47,0,4,10.525,25.375,61,121.525,0,4,9
"349",4,3.5,"std_mitigation",49,621.1,1516.5,3029.9,0,3,9,9,23.5,51.525,1,4,12,30.425,70,135.05,0,4,9
"350",4,3.5,"std_mitigation",50,713.1,1695,3329.3,0,3,8,11.475,26,64.525,1,5,10,34.425,78.5,159.15,0,4.5,10.525
"351",4,3.5,"std_mitigation",51,834.85,1992,3782.85,0,4,9.52499999999999,12.425,30.5,66.1,0.475,5,11,38.325,89.5,185.525,1,5,12
"352",4,3.5,"std_mitigation",52,956.6,2199,4424.85,1,4,11.525,14,35,76.525,1.475,6,14.525,43.95,105,207.575,1,6,13
"353",4,3.5,"std_mitigation",53,1066.675,2559,4958.075,1,5,12,15.325,41,89.575,1.475,7,16.525,47.95,120,237.05,1.475,6,16
"354",4,3.5,"std_mitigation",54,1242.85,2918.5,5593.775,1.475,6,12.525,18.425,46,90.525,2,7,16,54.475,140,270.875,1.475,7,16
"355",4,3.5,"std_mitigation",55,1415.2,3293.5,6494.625,1.475,7,17,19.9,55.5,107.525,1.475,8.5,19.525,64.475,158,305.15,2,8,17.525
"356",4,3.5,"std_mitigation",56,1542.075,3764.5,7294.8,2,7,18.575,22.375,60.5,115.775,3,10,22,73.475,182.5,350.775,3,9,20.05
"357",4,3.5,"std_mitigation",57,1848.725,4303,8401.925,2,9,19.525,28.475,72,154.625,4,11,26,81.95,207,401.6,3.475,10.5,22.525
"358",4,3.5,"std_mitigation",58,2034.3,4905.5,9521.525,3,10,21.575,28.475,78,163.1,4,13,27,92.9,236,467.525,5,12,24.05
"359",4,3.5,"std_mitigation",59,2363.55,5502,10719.3,2.475,10,24,37.325,87,181.675,4.475,16,39,105.475,269,533.075,5,14.5,30.525
"360",4,3.5,"std_mitigation",60,2713.925,6308,12329.025,4,13,24.525,40.9,99.5,199.15,5,16,32.525,115.325,306.5,605.875,5.475,16.5,33.525
"361",4,3.5,"std_mitigation",61,3077.7,7161.5,14067.05,6,14.5,34,56.275,116,227.15,7.475,18.5,39.525,124.7,348.5,692.625,6.475,19,37.525
"362",4,3.5,"std_mitigation",62,3484.625,8203,15845.2,7,16,36,57.95,131.5,259.625,8,23,48.6749999999999,148.075,392.5,793.6,8.475,21.5,46.05
"363",4,3.5,"std_mitigation",63,3924,9225,18087.95,4.95,19,38.525,62.3,151.5,299.625,9.475,24,56.05,171.5,453.5,893.775,9.95,25,51.05
"364",4,3.5,"std_mitigation",64,4509,10585,20596.1,8,21,47.1,64.175,175,331.15,10.475,29,55,197.2,507,1015.5,11,29,56.05
"365",4,3.5,"std_mitigation",65,5094.025,12174,23201.9,9,24,51.575,81.8,195.5,363.075,12.95,30,64.625,217.925,578.5,1152.85,11.95,32.5,65.525
"366",4,3.5,"std_mitigation",66,5794.45,13706,26135.9,10.425,27,52.525,106.225,222,426.2,15,35,70,261.45,650,1286.15,12.475,37,75
"367",4,3.5,"std_mitigation",67,6663.075,15506,30035.8,11.475,30,61.05,110.025,254,510.925,18,38.5,77.525,304.825,743,1443.3,15,42,81.05
"368",4,3.5,"std_mitigation",68,7597.225,17744,33953.975,9.475,33.5,72,115.075,281.5,563.225,16.375,46,97.1,352.375,847,1654.25,18.475,46,97.575
"369",4,3.5,"std_mitigation",69,8594.3,20077.5,38543.525,16.425,39,77.1,134.85,321,616.05,22.475,48.5,112.05,389.3,972.5,1873.75,21.95,52.5,106.525
"370",4,3.5,"std_mitigation",70,9674.55,22911,43708.65,16,46,90.05,147.9,366.5,720.525,24.425,60.5,117.05,443.725,1114,2096.25,26.475,60,124.2
"371",4,3.5,"std_mitigation",71,11080.975,25829.5,49386.425,18.9,51.5,105.525,177.5,415.5,822.874999999999,28.95,67,136.15,522.75,1264,2372.275,29.475,70,136.575
"372",4,3.5,"std_mitigation",72,12549.5,29616.5,55757.5,23.425,56.5,113.575,187.475,468,941.775,33,75.5,157.625,597.55,1431.5,2740.4,34.95,79.5,161.575
"373",4,3.5,"std_mitigation",73,14425.275,33215.5,63152.325,32.475,68.5,128.575,228.975,547.5,1016.1,36.325,88.5,172.15,680.9,1633.5,3136.325,38.475,90,178.675
"374",4,3.5,"std_mitigation",74,16406.9,37937,71114.325,28.375,75.5,151.05,259.65,602,1167.05,39.275,99.5,187.15,764.275,1850.5,3529.225,42.475,100,204.825
"375",4,3.5,"std_mitigation",75,18363.375,42822,80330.85,38.275,84.5,170.4,298.6,699,1316.3,49.425,115.5,230.675,858.375,2091.5,4028.225,45.475,114,236.2
"376",4,3.5,"std_mitigation",76,20914.45,48749.5,90088.925,35,95.5,185.525,342.375,791,1423.425,61.8,132,247.725,977.475,2370.5,4570.325,45.475,128.5,274.2
"377",4,3.5,"std_mitigation",77,23830.975,54769.5,101090.375,41.75,111.5,220.025,398,893,1626.9,50.225,150.5,277.025,1112.175,2698.5,5234.2,54,153,299.775
"378",4,3.5,"std_mitigation",78,26943.85,62086.5,113669.9,56.475,123.5,239.975,434.25,984.5,1769.725,61.375,164,301.875,1267.925,3081,5922.4,61.475,172,349.65
"379",4,3.5,"std_mitigation",79,30523.425,70115,127012.7,56.375,140,270.575,508.375,1112,2060.2,86.8,190,357.775,1434,3481.5,6715.05,74.325,193.5,391.925
"380",4,3.5,"std_mitigation",80,34768.025,79036.5,141730.6,66.025,164,282.925,571.45,1274,2276.8,97.75,214,391.675,1637,3980,7564.175,88.9,221,431.625
"381",4,3.5,"std_mitigation",81,39298.55,88851,157546.6,82.9,182,320,640.15,1437,2540.175,108.75,234,439.5,1876.225,4509.5,8490.9,100.225,246.5,503.675
"382",4,3.5,"std_mitigation",82,44369.175,99861,175369.475,94.375,206,373.625,707,1619.5,2795.875,116.45,267.5,477.625,2154.025,5109,9587.625,115.275,278.5,579.575
"383",4,3.5,"std_mitigation",83,50529.55,112135,194489.5,94.225,223,396.1,808.825,1830.5,3137.35,133.025,298,553.075,2468.8,5756.5,10714.475,143.65,316.5,654.5
"384",4,3.5,"std_mitigation",84,56869.55,125563.5,214747,114.55,245,466.075,902.475,2061.5,3411.45,152.85,345,571.825,2822.7,6521.5,12051.45,166.4,361,741.2
"385",4,3.5,"std_mitigation",85,64434.65,140219.5,235442.225,128.65,287,473.875,1036.425,2246.5,3771.725,175.425,381,653.65,3227.925,7362,13493.925,184.25,405,846.675
"386",4,3.5,"std_mitigation",86,72528.975,156448,258086.55,151.325,310.5,546.675,1184.75,2539,4130.45,197.275,423.5,685,3660.8,8331.5,15095.975,206.55,459.5,952
"387",4,3.5,"std_mitigation",87,81853.5,173365.5,281579.75,158.125,351.5,591.15,1298.85,2790.5,4632.575,221.65,472.5,799.424999999999,4128.225,9416,16843.3,227.475,521.5,1070.5
"388",4,3.5,"std_mitigation",88,92011.65,192376.5,305484.625,193.975,400,637.25,1470.375,3136,4986.625,230.25,506.5,850.375,4666.7,10614,18811.225,255.225,597.5,1217.375
"389",4,3.5,"std_mitigation",89,103033.3,212702,329387.55,209.4,429,683.825,1659.55,3458.5,5352.55,287.225,565,901.3,5268.7,11978.5,20948.6,297.075,698.5,1364.875
"390",4,3.5,"std_mitigation",90,115557.1,233767,353265.525,228.875,478.5,718.15,1834.7,3797,5748.125,338.975,644.5,978.875,5934.875,13439,23242.925,325.325,792.5,1508.2
"391",4,3.5,"std_mitigation",91,129774.8,255669.5,376173.125,255.475,518.5,790.625,2108.15,4117,6053.475,329.7,694.5,1049.15,6710.95,15045,25758.975,350.75,898,1670.575
"392",4,3.5,"std_mitigation",92,144056.775,279153.5,399024.9,281.8,556.5,852.1,2298.15,4505,6466.9,402.7,761,1096.3,7557.875,16837.5,28549.25,407.95,1027,1885.625
"393",4,3.5,"std_mitigation",93,160687.975,302712.5,419221.45,353.4,622,890.5,2610.425,4870,6873.15,441.9,827.5,1158.1,8515.9,18873,31464.725,467.05,1172,2104.1
"394",4,3.5,"std_mitigation",94,178501.425,326923,437568.375,338.675,666.5,912.5,2902.45,5270,7001.975,492.875,895,1239.175,9609.3,21004,34570.325,541.05,1321,2373.575
"395",4,3.5,"std_mitigation",95,197006.575,350620,453854.325,412.925,718.5,971.1,3160.25,5675.5,7304.675,524.875,963.5,1240.625,10808.925,23323,37813.925,612.975,1489.5,2651.075
"396",4,3.5,"std_mitigation",96,217347.725,374271.5,467837.325,427.775,758,982.775,3559.5,5997,7580.975,569.45,1029.5,1321.1,12195.025,25768.5,41056.525,699.75,1685.5,2972.8
"397",4,3.5,"std_mitigation",97,238612.05,396192,477822.025,498,807.5,1044.675,3871.475,6352,7727.625,652.6,1086,1354.925,13683.725,28386,44419.575,792.775,1890,3280.4
"398",4,3.5,"std_mitigation",98,261626.025,417649,483462.125,527.375,872,1014.525,4248.45,6762,7792.45,733.35,1145,1377.525,15382.925,31158,47897.075,917.975,2122.5,3656.475
"399",4,3.5,"std_mitigation",99,284401.175,437075.5,486634.875,577.875,898,1059.1,4633.6,7057.5,7902.25,786.325,1194.5,1382.925,17236.275,34244,51169.05,1053.625,2385,4057.875
"400",4,3.5,"std_mitigation",100,309040.125,453921,487631.275,643.175,941.5,1072.2,5052.275,7300,7921.325,893.25,1245.5,1396.4,19232.525,37413,54208.175,1188.475,2648.5,4485.275
"401",4,3.5,"std_mitigation",101,332848.45,467091,487034.9,703.675,970,1068.1,5441.475,7514.5,7922.525,940.7,1293.5,1427.05,21465.1,40474.5,57338.5,1331.925,2951,4959.5
"402",4,3.5,"std_mitigation",102,356136.95,472703,487153.775,761.325,989.5,1079.825,5742.1,7659,7925.4,1000.4,1309,1414,23855.5,43673,60142.15,1510.4,3274,5420.175
"403",4,3.5,"std_mitigation",103,378909.1,474987,487019.375,811.825,992,1074.825,6092.45,7604.5,7981.825,1052.725,1311,1414,26497.025,47059.5,62610.175,1738.175,3636.5,5929.675
"404",4,3.5,"std_mitigation",104,402567.325,476396,487217.1,833.15,1000,1079.775,6478.35,7692,7986.75,1109.525,1320,1433.675,29219.15,50377.5,64993.125,1934.85,3997.5,6395.925
"405",4,3.5,"std_mitigation",105,411794.975,476813.5,487119,849.725,998,1070.1,6564.725,7691,7918.75,1158.55,1326,1415.3,32223.125,53643,66774.4,2184.7,4408.5,6938.25
"406",4,3.5,"std_mitigation",106,399223.925,477084.5,487637.7,845.325,1003,1084.05,6383.075,7659,7928.75,1104,1327,1423.25,35322.85,56841,68117.675,2453.375,4857,7463.275
"407",4,3.5,"std_mitigation",107,385235.45,470279.5,487666.975,824.475,981.5,1072.05,6059.225,7506.5,7921.15,1089.375,1312,1436.1,38458.1,59739.5,69257.525,2748.975,5369,7979.3
"408",4,3.5,"std_mitigation",108,365882.6,458391,487147.1,785.95,973.5,1069.525,5778.525,7385,7974.85,1067.225,1294,1420.525,41693.525,62314.5,69877.9,3052.2,5865.5,8435.4
"409",4,3.5,"std_mitigation",109,342013.65,445571.5,486272.175,713.475,952,1068.3,5451.9,7112,7957.175,971.95,1281.5,1423.4,44950.075,64660.5,70113.7,3389.9,6382.5,8931.675
"410",4,3.5,"std_mitigation",110,319116.85,429380,484623.6,685.65,920,1054.525,4980.1,6889.5,7761.675,887.5,1239,1374.05,48173.45,66477,70147.975,3755.275,6900,9342.1
"411",4,3.5,"std_mitigation",111,295267.425,411683.5,480200.875,619.85,880.5,1029.05,4521.725,6550.5,7758.875,832.425,1176.5,1380.975,51407.225,67859.5,70066.9,4149.65,7456,9739.55
"412",4,3.5,"std_mitigation",112,274134.9,389870,478610.575,591.85,843,1006.05,4271.2,6187,7723.325,783.45,1110,1380.525,54685.375,68359.5,70246.825,4606.275,7942.5,10099.075
"413",4,3.5,"std_mitigation",113,252039.1,368248,479720.6,521.35,801,1010.05,3858.175,5827.5,7644.65,699.5,1043,1302.1,57613.025,68361.5,70376.625,5096.825,8440.5,10393.725
"414",4,3.5,"std_mitigation",114,230989.175,345170.5,470420.5,483.125,741.5,1006.825,3531.775,5435.5,7537.9,616.775,994,1311.65,60450.85,68743.5,70175.025,5593.425,8936.5,10563.2
"415",4,3.5,"std_mitigation",115,209800.125,321744.5,458732.225,450.825,692.5,938.575,3275.65,5095.5,7295.3,597.8,915.5,1320.075,59121.825,68769.5,70106.825,6100.95,9351.5,10678.175
"416",4,3.5,"std_mitigation",116,191715.475,298984.5,442580.725,390.9,648.5,957.7,2979.825,4749.5,6998.325,538.375,853.5,1244.95,56810.85,68215.5,70219.45,6630.35,9710.5,10757.375
"417",4,3.5,"std_mitigation",117,174029.475,276075.5,424221.35,362.375,591.5,929.6,2682.65,4315.5,6733.775,506.8,772,1196.225,55170.95,66934.5,70277.475,7170.425,10059.5,10752.175
"418",4,3.5,"std_mitigation",118,157508.475,253322,405407.375,343.95,541,892.324999999999,2463.35,3952,6431.425,431.425,740.5,1157.325,52121.55,65334,70176.45,7717.325,10321,10761.775
"419",4,3.5,"std_mitigation",119,142232.575,232475.5,383910.5,289,506,831.675,2218.775,3634,6136.075,408.475,660,1127.525,48910.9,63450.5,69759.875,8174.025,10391.5,10790.775
"420",4,3.5,"std_mitigation",120,127898.225,212321,361413.8,268.7,453,791.775,1988.15,3247,5774.5,364.95,605.5,1034.25,45801,61037,69240.225,8654.7,10430,10795.625
"421",4,3.5,"std_mitigation",121,114904.05,193346.5,338493.775,240.475,415,734.824999999999,1741.275,2993.5,5379.5,311.2,556,953.7,42684.65,58459.5,68942.225,9013.45,10463,10820.15
"422",4,3.5,"std_mitigation",122,103089.8,175197,315637,212.8,375.5,654.675,1607,2687.5,4931.525,296.4,499.5,892.15,39526.225,55671,68803.95,9089.625,10471.5,10768
"423",4,3.5,"std_mitigation",123,92528.725,158350,293086.025,192.95,350.5,671.85,1405.85,2462.5,4694.725,263.175,458,885.449999999999,36524.1,52614,68238.125,8768.95,10491,10765.525
"424",4,3.5,"std_mitigation",124,82935.375,143127,270032.8,169.85,310.5,572.224999999999,1207.225,2222,4192.975,226.275,410,786.725,33783.925,49531.5,66778.8,8494.8,10338.5,10825.25
"425",4,3.5,"std_mitigation",125,73528.6,129039.5,248652.25,156.7,284,527.925,1111.5,2005,3950.775,206,371.5,721.049999999999,31027.4,46336.5,64982.65,8025.725,10069.5,10821.625
"426",4,3.5,"std_mitigation",126,65577.175,115774,227513.55,141,254,468.775,995.4,1743,3545.85,182.225,332,625.149999999999,28396.175,43169.5,62858.425,7508.075,9764,10776.725
"427",4,3.5,"std_mitigation",127,58755.4,103876.5,207138.825,115.425,220.5,412.65,893.425,1607,3208.975,156.8,289,596.325,25961.625,40069.5,60390.45,6996.3,9440,10674.95
"428",4,3.5,"std_mitigation",128,52039.675,93037,188756.875,104,202.5,417.85,794.825,1416.5,2903.875,141.85,262,547.475,23588.45,37029.5,57846.4,6492.925,9014,10615.9
"429",4,3.5,"std_mitigation",129,46508.575,83526.5,170818.525,90.425,177.5,386.975,714.5,1273.5,2661.325,135.95,245.5,458.224999999999,21274.925,34091,55008.35,5955.325,8558.5,10538.7
"430",4,3.5,"std_mitigation",130,41240.125,74314.5,154926.1,80,161,343.5,611.825,1131.5,2403.025,99.9,206.5,432.575,19247.75,31281.5,52009.125,5492.175,8051,10495.575
"431",4,3.5,"std_mitigation",131,36457.55,66254.5,139062,74.475,144,290.1,542.275,995,2117.875,100.475,189,393.225,17325.575,28604,48960.775,5037.95,7593.5,10354.85
"432",4,3.5,"std_mitigation",132,32465.6,59291,126011.325,66.475,123.5,257.4,479.575,890.5,1931.575,78.95,167,361.775,15589.475,26019.5,45788.1,4622.925,7055.5,10109.275
"433",4,3.5,"std_mitigation",133,28822.6,52826.5,113292.3,58.475,114.5,228.925,419.15,803.5,1733.3,79.425,148,317.15,13971.475,23661.5,42570.75,4198.25,6567,9762.55
"434",4,3.5,"std_mitigation",134,25488.1,47083,101148.475,47.95,101.5,227.3,385.025,725,1528.85,70.475,134.5,290.25,12556.75,21433.5,39463.4,3813.15,6071.5,9373.375
"435",4,3.5,"std_mitigation",135,22665.475,41631.5,90692.825,45.9,87,199.3,332.8,641,1386.9,57.475,118,264.875,11238.7,19402.5,36495.175,3492.75,5604,8933.65
"436",4,3.5,"std_mitigation",136,20072.925,37091,80805.525,35.425,78,178.85,275.95,562.5,1255.675,47,109,229.225,10063.5,17459.5,33484.85,3157.575,5138.5,8500.175
"437",4,3.5,"std_mitigation",137,17781,32933,72240.75,32,71,169.475,265.95,509,1095.025,46.9,98.5,208.4,9027.8,15717.5,30790.875,2832.9,4715,8067.6
"438",4,3.5,"std_mitigation",138,15568.15,29183.5,64977,33,60.5,152.925,223.85,439,1036.175,36.9,83,183.525,8037.025,14122.5,28062.1,2541.6,4290.5,7559.7
"439",4,3.5,"std_mitigation",139,14053.625,25788,57537.975,26.95,58.5,128.25,208.425,393.5,865.924999999999,38.475,74.5,167.25,7174.35,12669.5,25511.225,2288.35,3885.5,7024.875
"440",4,3.5,"std_mitigation",140,12382.9,22900.5,51031.325,22.475,51,100.625,178.7,348.5,780.9,30,64.5,129.15,6358.4,11311,23153.825,2052.025,3505.5,6488.8
"441",4,3.5,"std_mitigation",141,10888.55,20352.5,45631.55,20.475,42.5,96.7749999999999,158.375,305.5,683.075,29.9,56.5,131.45,5617,10144.5,21019.35,1828.45,3161.5,6002.525
"442",4,3.5,"std_mitigation",142,9616.975,18079.5,40394.575,18,39.5,90.1749999999998,136.425,269.5,593.45,20.9,51,108.725,4986.9,9045,18958.975,1649.525,2851,5508.45
"443",4,3.5,"std_mitigation",143,8610.95,16031,35819.125,15.95,35,75.9749999999998,119.225,244,547.25,20.475,45.5,105.625,4416.725,8082,17132.55,1448.8,2565.5,5048.875
"444",4,3.5,"std_mitigation",144,7495.25,14113,31859.475,10.475,31,73.05,110.425,213,473.65,21,41,84.05,3904.725,7191,15388.375,1285.225,2280.5,4556.65
"445",4,3.5,"std_mitigation",145,6819.85,12607,28329.85,12.475,27,59.1499999999999,100.375,195,439.024999999999,14.475,36.5,79.1999999999999,3467.2,6404,13810.4,1151.9,2043,4131.15
"446",4,3.5,"std_mitigation",146,5883.175,11117,25161.075,11,24.5,51.05,85,176,374.95,16,31,78.4499999999998,3080.075,5708.5,12360.375,1011.225,1839,3731.35
"447",4,3.5,"std_mitigation",147,5236.575,9818,22251.275,8.475,22,46.525,76.475,150,328.025,12.475,29,60.7749999999999,2711.8,5070.5,11089.275,896.925,1647.5,3393.95
"448",4,3.5,"std_mitigation",148,4680.425,8800.5,19888.125,7.475,17,42.575,65.95,129.5,304.75,10.475,24,52.2999999999999,2406.575,4509.5,9917.675,786,1462,3062.5
"449",4,3.5,"std_mitigation",149,4132.5,7685,17585.075,8,17,39.575,56.95,119,251.225,9.95,23,46.625,2147.575,4040.5,8818.45,693.525,1308,2745.3
"450",4,3.5,"std_mitigation",150,3621.325,6773,15585.4,6,15,36.7249999999999,48.9,103.5,238.35,7.95,19.5,47.7749999999999,1876.15,3579.5,7911.825,603.825,1164.5,2494.675
"451",4,3.5,"std_mitigation",151,3263.975,6005.5,13705.95,5,12.5,28.525,44.9,92,214.15,7,17,38.05,1683.8,3207,7001.5,538.625,1038.5,2245.575
"452",4,3.5,"std_mitigation",152,2811.1,5356,12083.725,4,11,26.525,37.425,82,182.025,4,15,32.575,1481.325,2836,6237.625,478.325,926,2020.4
"453",4,3.5,"std_mitigation",153,2519.125,4707.5,10791.225,3.475,11,24.05,29.95,69.5,157.5,4.475,14,29.05,1311.4,2513,5528.825,425.725,823,1785.15
"454",4,3.5,"std_mitigation",154,2262.525,4156,9577.025,2.475,9,19.525,27.95,62,136.525,3,13,28.575,1148.65,2225.5,4911.275,382.6,728.5,1599.45
"455",4,3.5,"std_mitigation",155,1933.975,3694.5,8427.725,2.475,8,20,24.475,57.5,117.4,3,10,24.05,1019.425,1981.5,4372.65,337,650,1416.625
"456",4,3.5,"std_mitigation",156,1736.3,3277.5,7497.775,2.475,7,16.525,23,51.5,103.775,3,10,21.05,909.825,1755.5,3880.5,285.525,584.5,1257.375
"457",4,3.5,"std_mitigation",157,1571.3,2856,6643.15,1,6,12.525,20.475,43.5,102.15,3,8,20,802.075,1563.5,3442.55,263.675,517,1111.05
"458",4,3.5,"std_mitigation",158,1360.925,2527.5,5834.425,2,6,15.625,17.475,39,93,2,7,20.525,705,1383,3032.225,228.55,455.5,982.25
"459",4,3.5,"std_mitigation",159,1191.275,2243.5,5218.4,0.475,4,12.525,14.475,34,72.3999999999999,1,6,17,617.725,1228.5,2687.825,210.75,411,876.325
"460",4,3.5,"std_mitigation",160,1073.3,1988,4571.925,0,4,11,13,29,75.9249999999999,1,6,15.575,534.575,1086,2369.775,179.9,370.5,768.9
"461",4,3.5,"std_mitigation",161,948.25,1766.5,3988.225,0,4,8.52499999999999,10.425,26,60.625,0.475,5,12,473.575,965.5,2091.875,161.9,332,692.525
"462",4,3.5,"std_mitigation",162,811.925,1564.5,3583.425,0,3,8,10.475,23,45.05,1,5,12.525,428.025,854,1859.3,143.425,293,607.45
"463",4,3.5,"std_mitigation",163,736.45,1390,3101.525,0,3,8.52499999999999,7.475,21.5,48.05,1,4,9.52499999999999,383.45,760,1661.175,129.175,256.5,553.975
"464",4,3.5,"std_mitigation",164,660.575,1199.5,2756.65,0,3,6,8,18,44.05,0,3,13.525,342.9,664,1457.55,117.9,225.5,483.15
"465",4,3.5,"std_mitigation",165,565.225,1059,2479.25,0,2,7,6,17,35.525,0,3,10,297.8,576.5,1292.8,96.95,196,426.875
"466",4,3.5,"std_mitigation",166,489.775,967,2182.725,0,2,5.52499999999999,6,15,34,0,2,7,265.475,509.5,1143.2,85.425,169,377.025
"467",4,3.5,"std_mitigation",167,414.15,842,1928,0,1,6,3,13,25,0,2,7.52499999999999,228.175,452.5,999.174999999999,78,148.5,324.525
"468",4,3.5,"std_mitigation",168,379.85,756.5,1663.625,0,1.5,6.52499999999999,3,11,27.525,0,2,6,199.4,393,891.575,64.475,130,286.375
"469",4,3.5,"std_mitigation",169,331.375,677.5,1522.05,0,1,5,3.475,10,22.525,0,2,5.52499999999999,178.65,348.5,801.925,55.95,115,252.4
"470",4,3.5,"std_mitigation",170,304.075,573,1322.1,0,1,5,2,9,22.525,0,2,5.52499999999999,158.75,307.5,704.625,49.425,105.5,223.35
"471",4,3.5,"std_mitigation",171,260.95,502.5,1164.35,0,1,3.52499999999999,1,7,19.525,0,1,5,144,270,613.075,44.475,92.5,188.675
"472",4,3.5,"std_mitigation",172,227.6,454.5,1014.15,0,1,3,2,7,15.525,0,1,4.52499999999999,125.9,246,534.025,41.95,82.5,170
"473",4,3.5,"std_mitigation",173,204.8,403.5,940.849999999999,0,1,4,0.475,6,14.525,0,1,4,114.425,215,470.625,35.475,74,154.05
"474",4,3.5,"std_mitigation",174,168.75,362,816.924999999999,0,1,3,0.475,5,13.525,0,1,4.52499999999999,100.425,191,411,30,64,134.525
"475",4,3.5,"std_mitigation",175,169.75,314,703.199999999999,0,0.5,3,1,5,10,0,1,3,89.9,168,370.375,25.95,58.5,118.575
"476",4,3.5,"std_mitigation",176,139,279,648.1,0,0,3,1,4,11,0,1,3,76.225,147.5,326.575,23.95,50.5,106.15
"477",4,3.5,"std_mitigation",177,124.95,244,560.875,0,0,2.52499999999999,0,4,8,0,0,3,65.85,130,291.5,20.475,45,104.05
"478",4,3.5,"std_mitigation",178,115.325,216,476.525,0,0,2,0,3,10.525,0,0,2.52499999999999,57,113.5,260.525,17.475,38,94.625
"479",4,3.5,"std_mitigation",179,88.475,192,437.275,0,0,3,0,3,7,0,0,2,52.475,101.5,226.625,16,35,83.6749999999999
"480",4,3.5,"std_mitigation",180,80.95,173.5,380.025,0,0,2,0,2,6.52499999999999,0,0,2,45.95,87.5,205.1,10.9,30.5,73.625
"481",4,3.5,"std_mitigation",181,74.9,154,355.775,0,0,2.52499999999999,0,2,7,0,0,2,41,81.5,187.1,9.95,27,69.625
"482",4,3.5,"std_mitigation",182,66.9,132.5,310.775,0,0,2,0,2,6.52499999999999,0,0,2,34.475,69,170.1,8.95,23,63.1499999999999
"483",4,3.5,"std_mitigation",183,58.75,118.5,254.225,0,0,2,0,2,5,0,0,2,31,62.5,153.525,8,21,56
"484",4,3.5,"std_mitigation",184,53,107,240.375,0,0,1,0,1.5,5,0,0,2,24.95,56,140.15,7,18,50.525
"485",4,3.5,"std_mitigation",185,44.475,96,230,0,0,1,0,1,5.04999999999998,0,0,1.52499999999999,22,49,117.625,4.475,16.5,38.05
"486",4,3.5,"std_mitigation",186,39.425,80,195.3,0,0,1.52499999999999,0,1,4,0,0,1,21,42,101.1,5,14,35.05
"487",4,3.5,"std_mitigation",187,34.95,74.5,153.975,0,0,1,0,1,4.52499999999999,0,0,1.52499999999999,19,37.5,92.525,4,12,32.05
"488",4,3.5,"std_mitigation",188,28,64,139.725,0,0,1,0,1,3,0,0,1,15.95,34,82.575,3.95,10,28
"489",4,3.5,"std_mitigation",189,23.475,56.5,125.1,0,0,1,0,1,3,0,0,1,12.475,29,67.05,3.475,10,25.1
"490",4,3.5,"std_mitigation",190,20.95,50,104.625,0,0,1,0,0,4,0,0,1.52499999999999,10.475,26,62,3,8,21.05
"491",4,3.5,"std_mitigation",191,18,42,111,0,0,1,0,0,3,0,0,1,9.475,23,55.1499999999999,3,7,19.525
"492",4,3.5,"std_mitigation",192,16.95,40,91.7249999999999,0,0,1,0,0,3,0,0,1,8,21,47.8249999999999,2,7,17
"493",4,3.5,"std_mitigation",193,15.475,35,86.575,0,0,1,0,0,2,0,0,1,6.95,17.5,43.8749999999999,2,6,17.05
"494",4,3.5,"std_mitigation",194,10.475,31.5,67.7249999999999,0,0,1,0,0,2,0,0,1,4.95,15,42.3499999999999,1,5,15.525
"495",4,3.5,"std_mitigation",195,10,27,66.1999999999999,0,0,1,0,0,2,0,0,1,4.95,13,36.8749999999999,1,5,11.525
"496",4,3.5,"std_mitigation",196,8.475,24,57.3499999999999,0,0,1,0,0,2,0,0,1,5,11,32.3999999999999,1,4,9
"497",4,3.5,"std_mitigation",197,6.95,19,51.1499999999999,0,0,1,0,0,1.52499999999999,0,0,1,3.475,10.5,28.7249999999999,0.475,4,8.52499999999999
"498",4,3.5,"std_mitigation",198,7,19,41.525,0,0,0,0,0,1,0,0,0,3,9,27.7749999999999,0,3,8.52499999999999
"499",4,3.5,"std_mitigation",199,6.475,15.5,36,0,0,0,0,0,1,0,0,1,2,8,24.625,0,3,7.52499999999999
"500",4,3.5,"std_mitigation",200,5,15,29.575,0,0,0,0,0,1,0,0,0,1.475,8,19.575,0,2,8
"501",4,3.5,"std_mitigation",201,5,13,31.1999999999999,0,0,0,0,0,1,0,0,1,1,6,18.575,0,2,7.52499999999999
"502",4,3.5,"std_mitigation",202,3,11,24,0,0,1,0,0,1,0,0,0.524999999999991,1,6,17,0,2,6.04999999999998
"503",4,3.5,"std_mitigation",203,4,10.5,25.525,0,0,1,0,0,1,0,0,1,0.475,5,13.05,0,1,5
"504",4,3.5,"std_mitigation",204,3,9,20.525,0,0,0,0,0,1,0,0,0.524999999999991,0,4,12,0,1,5
"505",4,3.5,"std_mitigation",205,2,8,18,0,0,0,0,0,1.52499999999999,0,0,1,0,3,10.525,0,1,4.52499999999999
"506",4,3.5,"std_mitigation",206,2,6.5,16.525,0,0,0,0,0,1,0,0,0.524999999999991,0,3,9,0,1,4
"507",4,3.5,"std_mitigation",207,2,6,17.575,0,0,0,0,0,1,0,0,0.524999999999991,0,3,9,0,1,5
"508",4,3.5,"std_mitigation",208,2,6,15,0,0,0,0,0,1,0,0,0,0,2,7,0,0.5,4.52499999999999
"509",4,3.5,"std_mitigation",209,1,5,12.525,0,0,0,0,0,1,0,0,0,0,2,7,0,0,4
"510",4,3.5,"std_mitigation",210,0,4,10.525,0,0,0,0,0,1,0,0,0,0,2,6,0,0,4
"511",4,3.5,"std_mitigation",211,0,4,9.52499999999999,0,0,0,0,0,1,0,0,0,0,1.5,6.04999999999998,0,0,3
"512",4,3.5,"std_mitigation",212,0,3,10,0,0,0,0,0,1,0,0,0,0,1,6,0,0,2.52499999999999
"513",4,3.5,"std_mitigation",213,0,3,8,0,0,0,0,0,1,0,0,0,0,1,5.52499999999999,0,0,2
"514",4,3.5,"std_mitigation",214,0,2,7,0,0,0,0,0,0.524999999999991,0,0,0,0,1,5,0,0,2
"515",4,3.5,"std_mitigation",215,0,2,8.52499999999999,0,0,0,0,0,0,0,0,0,0,1,5,0,0,2
"516",4,3.5,"std_mitigation",216,0,2,6,0,0,0,0,0,0,0,0,0,0,1,5,0,0,2
"517",4,3.5,"std_mitigation",217,0,2,5,0,0,0,0,0,1,0,0,0,0,1,5,0,0,2
"518",4,3.5,"std_mitigation",218,0,1,5.52499999999999,0,0,0,0,0,1,0,0,0,0,1,3.52499999999999,0,0,2
"519",4,3.5,"std_mitigation",219,0,1,5,0,0,0,0,0,0,0,0,0,0,1,3,0,0,2
"520",4,3.5,"std_mitigation",220,0,1,4.52499999999999,0,0,0,0,0,0,0,0,0,0,1,2.52499999999999,0,0,1
"521",4,3.5,"std_mitigation",221,0,1,5,0,0,0,0,0,1,0,0,0,0,1,2,0,0,1
"522",4,3.5,"std_mitigation",222,0,1,4,0,0,0,0,0,0,0,0,0,0,1,2,0,0,1
"523",4,3.5,"std_mitigation",223,0,1,3.52499999999999,0,0,0,0,0,0,0,0,0,0,0,2,0,0,1
"524",4,3.5,"std_mitigation",224,0,0,2.52499999999999,0,0,0,0,0,0,0,0,0,0,0,2,0,0,1
"525",4,3.5,"std_mitigation",225,0,0,3,0,0,0,0,0,0,0,0,0,0,0,2,0,0,1
"526",4,3.5,"std_mitigation",226,0,0,2,0,0,0,0,0,0,0,0,0,0,0,2,0,0,1
"527",4,3.5,"std_mitigation",227,0,0,2,0,0,0,0,0,0,0,0,0,0,0,2,0,0,1
"528",4,3.5,"std_mitigation",228,0,0,3,0,0,0,0,0,0,0,0,0,0,0,2,0,0,1
"529",4,3.5,"std_mitigation",229,0,0,1.52499999999999,0,0,0,0,0,0,0,0,0,0,0,1.52499999999999,0,0,1
"530",4,3.5,"std_mitigation",230,0,0,2,0,0,0,0,0,0,0,0,0,0,0,1.52499999999999,0,0,1
"531",4,3.5,"std_mitigation",231,0,0,2,0,0,0,0,0,0,0,0,0,0,0,1,0,0,1
"532",4,3.5,"std_mitigation",232,0,0,2,0,0,0,0,0,0,0,0,0,0,0,1,0,0,1
"533",4,3.5,"std_mitigation",233,0,0,2,0,0,0,0,0,0,0,0,0,0,0,1,0,0,1
"534",4,3.5,"std_mitigation",234,0,0,2,0,0,0,0,0,0,0,0,0,0,0,1,0,0,1
"535",4,3.5,"std_mitigation",235,0,0,1,0,0,0,0,0,0,0,0,0,0,0,1,0,0,1
"536",4,3.5,"std_mitigation",236,0,0,1,0,0,0,0,0,0,0,0,0,0,0,1,0,0,1
"537",4,3.5,"std_mitigation",237,0,0,1.52499999999999,0,0,0,0,0,0,0,0,0,0,0,1,0,0,1
"538",4,3.5,"std_mitigation",238,0,0,1.52499999999999,0,0,0,0,0,0,0,0,0,0,0,1,0,0,0
"539",4,3.5,"std_mitigation",239,0,0,1,0,0,0,0,0,0,0,0,0,0,0,1,0,0,0
"540",4,3.5,"std_mitigation",240,0,0,1,0,0,0,0,0,0,0,0,0,0,0,1,0,0,0
"541",4,3.5,"std_mitigation",241,0,0,1,0,0,0,0,0,0,0,0,0,0,0,1,0,0,0
"542",4,3.5,"std_mitigation",242,0,0,1,0,0,0,0,0,0,0,0,0,0,0,1,0,0,0
"543",4,3.5,"std_mitigation",243,0,0,1,0,0,0,0,0,0,0,0,0,0,0,1,0,0,0
"544",4,3.5,"std_mitigation",244,0,0,1,0,0,0,0,0,0,0,0,0,0,0,1,0,0,0
"545",4,3.5,"std_mitigation",245,0,0,1,0,0,0,0,0,0,0,0,0,0,0,1,0,0,0
"546",4,3.5,"std_mitigation",246,0,0,1,0,0,0,0,0,0,0,0,0,0,0,1,0,0,0
"547",4,3.5,"std_mitigation",247,0,0,1,0,0,0,0,0,0,0,0,0,0,0,1,0,0,0
"548",4,3.5,"std_mitigation",248,0,0,1,0,0,0,0,0,0,0,0,0,0,0,1,0,0,0
"549",4,3.5,"std_mitigation",249,0,0,0.524999999999991,0,0,0,0,0,0,0,0,0,0,0,1,0,0,0
"550",4,3.5,"std_mitigation",250,0,0,0.524999999999991,0,0,0,0,0,0,0,0,0,0,0,1,0,0,0
"551",4,3.5,"std_mitigation",251,0,0,1,0,0,0,0,0,0,0,0,0,0,0,0,0,0,0
"552",4,3.5,"std_mitigation",252,0,0,0,0,0,0,0,0,0,0,0,0,0,0,0,0,0,0
"553",4,3.5,"std_mitigation",253,0,0,0,0,0,0,0,0,0,0,0,0,0,0,0,0,0,0
"554",4,3.5,"std_mitigation",254,0,0,0.524999999999991,0,0,0,0,0,0,0,0,0,0,0,0,0,0,0
"555",4,3.5,"std_mitigation",255,0,0,0,0,0,0,0,0,0,0,0,0,0,0,0,0,0,0
"556",4,3.5,"std_mitigation",256,0,0,0,0,0,0,0,0,0,0,0,0,0,0,0,0,0,0
"557",4,3.5,"std_mitigation",257,0,0,0,0,0,0,0,0,0,0,0,0,0,0,0,0,0,0
"558",4,3.5,"std_mitigation",258,0,0,0,0,0,0,0,0,0,0,0,0,0,0,0,0,0,0
"559",4,3.5,"std_mitigation",259,0,0,0,0,0,0,0,0,0,0,0,0,0,0,0,0,0,0
"560",4,3.5,"std_mitigation",260,0,0,0,0,0,0,0,0,0,0,0,0,0,0,0,0,0,0
"561",4,3.5,"std_mitigation",261,0,0,0,0,0,0,0,0,0,0,0,0,0,0,0,0,0,0
"562",4,3.5,"std_mitigation",262,0,0,0,0,0,0,0,0,0,0,0,0,0,0,0,0,0,0
"563",4,3.5,"std_mitigation",263,0,0,0,0,0,0,0,0,0,0,0,0,0,0,0,0,0,0
"564",4,3.5,"std_mitigation",264,0,0,0,0,0,0,0,0,0,0,0,0,0,0,0,0,0,0
"565",4,3.5,"std_mitigation",265,0,0,0,0,0,0,0,0,0,0,0,0,0,0,0,0,0,0
"566",4,3.5,"std_mitigation",266,0,0,0,0,0,0,0,0,0,0,0,0,0,0,0,0,0,0
"567",4,3.5,"std_mitigation",267,0,0,0,0,0,0,0,0,0,0,0,0,0,0,0,0,0,0
"568",4,3.5,"std_mitigation",268,0,0,0,0,0,0,0,0,0,0,0,0,0,0,0,0,0,0
"569",4,3.5,"std_mitigation",269,0,0,0,0,0,0,0,0,0,0,0,0,0,0,0,0,0,0
"570",4,3.5,"std_mitigation",270,0,0,0,0,0,0,0,0,0,0,0,0,0,0,0,0,0,0
"571",4,3.5,"std_mitigation",271,0,0,0,0,0,0,0,0,0,0,0,0,0,0,0,0,0,0
"572",4,3.5,"std_mitigation",272,0,0,0,0,0,0,0,0,0,0,0,0,0,0,0,0,0,0
"573",4,3.5,"std_mitigation",273,0,0,0,0,0,0,0,0,0,0,0,0,0,0,0,0,0,0
"574",4,3.5,"std_mitigation",274,0,0,0,0,0,0,0,0,0,0,0,0,0,0,0,0,0,0
"575",4,3.5,"std_mitigation",275,0,0,0,0,0,0,0,0,0,0,0,0,0,0,0,0,0,0
"576",4,3.5,"std_mitigation",276,0,0,0,0,0,0,0,0,0,0,0,0,0,0,0,0,0,0
"577",4,3.5,"std_mitigation",277,0,0,0,0,0,0,0,0,0,0,0,0,0,0,0,0,0,0
"578",4,3.5,"std_mitigation",278,0,0,0,0,0,0,0,0,0,0,0,0,0,0,0,0,0,0
"579",4,3.5,"std_mitigation",279,0,0,0,0,0,0,0,0,0,0,0,0,0,0,0,0,0,0
"580",4,3.5,"std_mitigation",280,0,0,0,0,0,0,0,0,0,0,0,0,0,0,0,0,0,0
"581",4,3.5,"std_mitigation",281,0,0,0,0,0,0,0,0,0,0,0,0,0,0,0,0,0,0
"582",4,3.5,"std_mitigation",282,0,0,0,0,0,0,0,0,0,0,0,0,0,0,0,0,0,0
"583",4,3.5,"std_mitigation",283,0,0,0,0,0,0,0,0,0,0,0,0,0,0,0,0,0,0
"584",4,3.5,"std_mitigation",284,0,0,0,0,0,0,0,0,0,0,0,0,0,0,0,0,0,0
"585",4,3.5,"std_mitigation",285,0,0,0,0,0,0,0,0,0,0,0,0,0,0,0,0,0,0
"586",4,3.5,"std_mitigation",286,0,0,0,0,0,0,0,0,0,0,0,0,0,0,0,0,0,0
"587",4,3.5,"std_mitigation",287,0,0,0,0,0,0,0,0,0,0,0,0,0,0,0,0,0,0
"588",4,3.5,"std_mitigation",288,0,0,0,0,0,0,0,0,0,0,0,0,0,0,0,0,0,0
"589",4,3.5,"std_mitigation",289,0,0,0,0,0,0,0,0,0,0,0,0,0,0,0,0,0,0
"590",4,3.5,"std_mitigation",290,0,0,0,0,0,0,0,0,0,0,0,0,0,0,0,0,0,0
"591",4,3.5,"std_mitigation",291,0,0,0,0,0,0,0,0,0,0,0,0,0,0,0,0,0,0
"592",4,3.5,"std_mitigation",292,0,0,0,0,0,0,0,0,0,0,0,0,0,0,0,0,0,0
"593",4,3.5,"std_mitigation",293,0,0,0,0,0,0,0,0,0,0,0,0,0,0,0,0,0,0
"594",4,3.5,"std_mitigation",294,0,0,0,0,0,0,0,0,0,0,0,0,0,0,0,0,0,0
"595",4,3.5,"std_mitigation",295,0,0,0,0,0,0,0,0,0,0,0,0,0,0,0,0,0,0
"596",4,3.5,"std_mitigation",296,0,0,0,0,0,0,0,0,0,0,0,0,0,0,0,0,0,0
"597",4,3.5,"std_mitigation",297,0,0,0,0,0,0,0,0,0,0,0,0,0,0,0,0,0,0
"598",4,3.5,"std_mitigation",298,0,0,0,0,0,0,0,0,0,0,0,0,0,0,0,0,0,0
"599",4,3.5,"std_mitigation",299,0,0,0,0,0,0,0,0,0,0,0,0,0,0,0,0,0,0
"600",4,3.5,"std_mitigation",300,0,0,0,0,0,0,0,0,0,0,0,0,0,0,0,0,0,0
"601",4,3.5,"plus_mitigation",1,0,0,1,0,0,0,0,0,0,0,0,0,0,0,0,0,0,0
"602",4,3.5,"plus_mitigation",2,0,1,4,0,0,0,0,0,0.524999999999991,0,0,0,0,0,0,0,0,0
"603",4,3.5,"plus_mitigation",3,0,2,8,0,0,0,0,0,1,0,0,0.524999999999991,0,0,0,0,0,0
"604",4,3.5,"plus_mitigation",4,0,4,9,0,0,0,0,0,1,0,0,0,0,0,0,0,0,0
"605",4,3.5,"plus_mitigation",5,1,5,10,0,0,0,0,0,1,0,0,0,0,0,0,0,0,0
"606",4,3.5,"plus_mitigation",6,1.475,5.5,11.525,0,0,0,0,0,1,0,0,0,0,0,0,0,0,0
"607",4,3.5,"plus_mitigation",7,2,6,11.525,0,0,1,0,0,1,0,0,0,0,0,0.524999999999991,0,0,0
"608",4,3.5,"plus_mitigation",8,2,7,15.525,0,0,0,0,0,1.52499999999999,0,0,1,0,0,1,0,0,0
"609",4,3.5,"plus_mitigation",9,2,8,16,0,0,0,0,0,1,0,0,0,0,0,1,0,0,0
"610",4,3.5,"plus_mitigation",10,2.475,9.5,18,0,0,0,0,0,1.52499999999999,0,0,1,0,0,1,0,0,0
"611",4,3.5,"plus_mitigation",11,2.475,10,21.525,0,0,1,0,0,1,0,0,0,0,0,2,0,0,0
"612",4,3.5,"plus_mitigation",12,3,12,24,0,0,0,0,0,1,0,0,0.524999999999991,0,0,2,0,0,0
"613",4,3.5,"plus_mitigation",13,2.95,14,28,0,0,1,0,0,1,0,0,1,0,1,2,0,0,0
"614",4,3.5,"plus_mitigation",14,2.475,15.5,30.05,0,0,1,0,0,1.52499999999999,0,0,1,0,1,3,0,0,0
"615",4,3.5,"plus_mitigation",15,5,17,35.525,0,0,1,0,0,2,0,0,1,0,1,3.52499999999999,0,0,0
"616",4,3.5,"plus_mitigation",16,3.475,20.5,41.1499999999999,0,0,0,0,0,2,0,0,1,0,1,3.52499999999999,0,0,1
"617",4,3.5,"plus_mitigation",17,4.475,25,45.575,0,0,1,0,0,2,0,0,1,0,1,4,0,0,1
"618",4,3.5,"plus_mitigation",18,5.9,28.5,50.525,0,0,1,0,0,2,0,0,1,0,1,4,0,0,1
"619",4,3.5,"plus_mitigation",19,8,30.5,54.525,0,0,1,0,0,2,0,0,1,0,1,5,0,0,1
"620",4,3.5,"plus_mitigation",20,5.475,33.5,62.1499999999999,0,0,0,0,0,2,0,0,0.524999999999991,0,2,5,0,0,1
"621",4,3.5,"plus_mitigation",21,8.9,38.5,71.525,0,0,1,0,0,3,0,0,1,0,2,5.52499999999999,0,0,1
"622",4,3.5,"plus_mitigation",22,9.95,42.5,82.525,0,0,1,0,1,3,0,0,1,0,2,6,0,0,1
"623",4,3.5,"plus_mitigation",23,15.425,51.5,96.525,0,0,1,0,1,3,0,0,1,0,2,6.52499999999999,0,0,1
"624",4,3.5,"plus_mitigation",24,14.375,61.5,102.1,0,0,1,0,1,3,0,0,1,0,3,7,0,0,1
"625",4,3.5,"plus_mitigation",25,14.425,63.5,123.15,0,0,1,0,1,4,0,0,1,0,3,7.52499999999999,0,0,1
"626",4,3.5,"plus_mitigation",26,14.425,75.5,141.725,0,0,1,0,1,4,0,0,1,0,4,8.52499999999999,0,0,2
"627",4,3.5,"plus_mitigation",27,15.95,89,152.575,0,0,1,0,1,4,0,0,1,0.475,4,9.52499999999999,0,0,2
"628",4,3.5,"plus_mitigation",28,24.85,103.5,183,0,0,1,0,2,4,0,0,2,1,5,9.52499999999999,0,0,2
"629",4,3.5,"plus_mitigation",29,29.025,112.5,208.2,0,0,2,0,2,6.04999999999998,0,0,2,1,6,10,0,0,2
"630",4,3.5,"plus_mitigation",30,28.475,131.5,229.525,0,0,1,0,1,5.52499999999999,0,0,1.52499999999999,1,6,13,0,0,2
"631",4,3.5,"plus_mitigation",31,28.475,150.5,271.775,0,0,1,0,2,6,0,0,1,1,7,14,0,0,2
"632",4,3.5,"plus_mitigation",32,30.85,167.5,300.1,0,0,1,0,2,6.52499999999999,0,0,2.52499999999999,1,8,16.525,0,0,2
"633",4,3.5,"plus_mitigation",33,40.325,194,349.675,0,0,2,0,3,8.52499999999999,0,0,2,1,8,18.575,0,0,2
"634",4,3.5,"plus_mitigation",34,49.5,227.5,405.1,0,0,2,0,3,9,0,0,3,1.475,10,23.05,0,0,2
"635",4,3.5,"plus_mitigation",35,61.25,252,443.05,0,0,2,0,4,9.52499999999999,0,0,3,1.475,11,26.05,0,0,2
"636",4,3.5,"plus_mitigation",36,62.075,289,514.1,0,0,2,0,4,9,0,0,2,1.95,12,28.1,0,0,3
"637",4,3.5,"plus_mitigation",37,69.325,330.5,589.1,0,0,3,0,5,14.525,0,0,2.52499999999999,2,14,28.575,0,0,3
"638",4,3.5,"plus_mitigation",38,75.725,373,673.625,0,0,3,0.475,5,11,0,0,3,2.475,16,31,0,0,3.52499999999999
"639",4,3.5,"plus_mitigation",39,97.65,442.5,761.6,0,1,3,0.475,6,13,0,1,3,3.475,18,36.575,0,0,3
"640",4,3.5,"plus_mitigation",40,100.075,502.5,869.05,0,1,2,1,6,14.525,0,1,4.52499999999999,3.95,21,39.525,0,1,3.52499999999999
"641",4,3.5,"plus_mitigation",41,112.9,563.5,1005.825,0,1,3,1,9,19.525,0,1,4,4.425,24,44.525,0,1,4
"642",4,3.5,"plus_mitigation",42,119.3,652,1155.5,0,1,3,1.475,9,18.525,0,1,4.52499999999999,5.475,28.5,53.1999999999999,0,1,5
"643",4,3.5,"plus_mitigation",43,148.3,744.5,1281.575,0,1,3.52499999999999,2,11,24.525,0,1,5,6,32,59.575,0,1,4.52499999999999
"644",4,3.5,"plus_mitigation",44,167.975,865.5,1467.35,0,1,4,3,12,25.525,0,2,5.52499999999999,6.475,37,67.575,0,2,5
"645",4,3.5,"plus_mitigation",45,191.7,978.5,1716.75,0,1,4,3.475,14,27.525,0,2,6,8.425,42.5,72.525,0,2,6
"646",4,3.5,"plus_mitigation",46,223.175,1114.5,1907.2,0,1.5,5.52499999999999,4.475,16.5,32.525,0,2,6.52499999999999,9.425,48.5,85,0,2,7.04999999999998
"647",4,3.5,"plus_mitigation",47,242.55,1265.5,2225.575,0,2,6,3.475,17,37.05,0,2.5,6.52499999999999,13.475,55,93.625,0,2,8.52499999999999
"648",4,3.5,"plus_mitigation",48,273.9,1439.5,2517.925,0,2,6.52499999999999,3.95,21,41,0,3,8,14,62,109.525,0,3,8.52499999999999
"649",4,3.5,"plus_mitigation",49,350.4,1617,2829.15,0,2,6.52499999999999,4,23,45.05,0,3,8.52499999999999,15,70.5,122,0,3,10.05
"650",4,3.5,"plus_mitigation",50,358.025,1837.5,3248.65,0,3,7.52499999999999,8.475,27,48,0,4,9.52499999999999,19.475,81.5,139.575,0,3,10.525
"651",4,3.5,"plus_mitigation",51,415.575,2149.5,3740.2,0,3,8,7.95,31.5,60.05,1,4,12.05,22,93.5,164.1,0,3.5,11.525
"652",4,3.5,"plus_mitigation",52,489.775,2445.5,4304.95,0,3.5,10,8,36,62.05,1,5,11.525,26.325,107,183.525,0.475,5,13
"653",4,3.5,"plus_mitigation",53,526.75,2828,4849.675,0,5,13,8,40.5,78.1499999999999,0,6,13.05,27.9,125,214.05,1,5,13.525
"654",4,3.5,"plus_mitigation",54,604.55,3153.5,5522.675,0.475,5,11,8.95,45,86.6749999999999,1,7,14.525,30.475,139.5,237.15,1,6,14
"655",4,3.5,"plus_mitigation",55,710.25,3547,6259.825,1,5,13,11.9,52,103.1,0,7,16,34,154,270.625,1,7,16
"656",4,3.5,"plus_mitigation",56,809.35,4105,7270.125,1,6,13,12.95,59,110.05,1,7.5,18.05,38.9,176,312.725,1,8,19
"657",4,3.5,"plus_mitigation",57,912.8,4701,8259.075,1,7,15.525,13,70,125.05,2,9.5,20,43.325,201.5,346.775,1.475,9,22.525
"658",4,3.5,"plus_mitigation",58,1046.6,5347,9362.625,2,9,18.575,16.8,76,142.625,1,10,25.05,47.8,231,392.575,2,11,23.525
"659",4,3.5,"plus_mitigation",59,1201.95,6141.5,10616.6,1,9,19,18.9,88.5,173.625,3,13,27.575,54.375,259,448.775,2,13,27.05
"660",4,3.5,"plus_mitigation",60,1384.35,6946,12073.4,1,12,23.05,23.95,108,180.525,2.475,14,32.05,59.425,297,522.575,3,14,30.05
"661",4,3.5,"plus_mitigation",61,1566.4,8030.5,13947.475,2.475,12,24,20.95,118,223.625,4.475,16,32.525,64.425,342.5,594.05,3,17,31.525
"662",4,3.5,"plus_mitigation",62,1773.5,9017.5,15799.425,3,14,25.525,25.95,134.5,239,2.475,20,39.525,73.325,386.5,685.525,2.95,20,34
"663",4,3.5,"plus_mitigation",63,2056.825,10421.5,17925.575,3,16.5,32,33.95,155,287.1,6.475,23,43.525,87.075,438.5,781.05,4.475,22,40.525
"664",4,3.5,"plus_mitigation",64,2305.25,11858,20478.825,5,18.5,38.05,40.175,170.5,310.575,5.425,24.5,47.05,93.825,507.5,902.65,6,24,48.525
"665",4,3.5,"plus_mitigation",65,2679.15,13363.5,23376.55,5.475,22,40.1,37.85,198.5,351.525,7.475,28,54.525,110.45,583,1022.45,6,28.5,52
"666",4,3.5,"plus_mitigation",66,3042.675,15300,26440.05,6.475,25,45,42.95,231.5,402.625,6.95,33,64.1,122.55,678,1187.175,5.95,31.5,61.6749999999999
"667",4,3.5,"plus_mitigation",67,3476.325,17442,30035.95,5.475,27.5,53,55.075,262,461.525,9.95,37.5,72,141.125,766,1343.075,7.9,36,72.05
"668",4,3.5,"plus_mitigation",68,3903.975,19852,34111.775,4.95,30.5,56.05,65.65,290.5,512.7,12.425,41.5,74,160.7,879,1518.35,7.9,41,78.525
"669",4,3.5,"plus_mitigation",69,4473.6,22426.5,38659.375,8,36,71,69.95,334.5,582.1,10.475,49.5,89.525,192.3,1005.5,1719.5,9.95,46,87.525
"670",4,3.5,"plus_mitigation",70,5096.2,25625.5,44215.075,9.425,40,74.05,75.5,376.5,653.025,14.425,54,97.1,218.4,1145.5,1964.925,10.375,50.5,100.1
"671",4,3.5,"plus_mitigation",71,5906.225,29067,50113.55,8,49,85.1,83.375,443,790.3,11,60.5,108.725,243.275,1321.5,2260.325,12.475,57.5,114.05
"672",4,3.5,"plus_mitigation",72,6678.7,32977,56339.125,13.425,50,99,102.475,493.5,834.05,14,69,125.625,281.225,1501,2566.5,14.475,69,124.525
"673",4,3.5,"plus_mitigation",73,7592.6,37457,63828.05,13.475,57,113,117.275,565,975.875,17.475,79,155.625,327.375,1696,2932.55,14.475,77,146
"674",4,3.5,"plus_mitigation",74,8721.175,42289.5,72181.925,17.475,68,123.1,139.35,636,1091.1,18,89,159.675,381.375,1921,3288.35,17.95,86.5,166.15
"675",4,3.5,"plus_mitigation",75,9816.45,48104.5,81260.525,16.375,77.5,136.575,150.55,718,1230.25,21.9,102,188.05,433.45,2184.5,3729.975,18.85,101.5,188.575
"676",4,3.5,"plus_mitigation",76,11334.775,54583,91255.925,18.95,87,157.575,178.6,833.5,1393.875,27.475,121,209.05,489.25,2491,4285.375,24.85,120.5,209.575
"677",4,3.5,"plus_mitigation",77,12871.075,61606.5,103049.925,21.95,103.5,178.625,191.475,934.5,1569,26.8,135,234.525,558.75,2851.5,4810.7,27.375,137,246.625
"678",4,3.5,"plus_mitigation",78,14445.175,69799,115538.5,26.375,112.5,199.525,241.075,1059,1778.5,32.95,153,267.575,642.75,3229,5460.55,31.95,157,280.25
"679",4,3.5,"plus_mitigation",79,16551.6,78671,129627.075,32.475,127,222.05,244.675,1201,1978.75,34.9,175,298.925,747.475,3652,6203.525,37.475,179,316.625
"680",4,3.5,"plus_mitigation",80,18682.8,88758,144812.225,32.65,141.5,242.05,270.75,1322,2187.525,39.8,188,321.875,844.475,4120.5,6975.875,43.9,206.5,364.15
"681",4,3.5,"plus_mitigation",81,21332.55,99975,161043.7,35.9,170,267.15,341.125,1520.5,2479.1,50.425,216,373,965.475,4685.5,7932.725,52.9,234,409.525
"682",4,3.5,"plus_mitigation",82,24344.35,111930.5,179398.575,42.425,188,320.625,363.55,1694.5,2734.4,51.9,248,412.725,1092.525,5295.5,9008.975,57.9,270.5,465.975
"683",4,3.5,"plus_mitigation",83,27772.1,125731.5,198614.5,52.95,207,345.05,418.675,1887,3025.9,66.175,271.5,456.775,1269.625,6016.5,10207.05,68.85,301,520.2
"684",4,3.5,"plus_mitigation",84,31509.25,140865.5,219579.2,48.75,234,373.05,492.925,2123,3302.975,79.375,308.5,501.1,1432.825,6832,11456.125,70.95,333.5,584.525
"685",4,3.5,"plus_mitigation",85,35710.4,156909,241578.425,59.75,260,417.525,504.075,2386,3733.35,77.9,339,562.675,1606.125,7675,12882.675,79.475,380,669.875
"686",4,3.5,"plus_mitigation",86,40533.025,174412.5,264052.55,67.95,285.5,449.575,606.85,2638.5,3971.55,86.475,379.5,588.625,1837.725,8699,14511.15,90.425,441,766.775
"687",4,3.5,"plus_mitigation",87,45986.325,193649,286713.625,77.8,329,497.4,664.375,2945.5,4418.925,100.9,439.5,664.1,2072.975,9799,16234.375,101.475,503,861.275
"688",4,3.5,"plus_mitigation",88,51889.45,213968.5,310946.275,91.325,364,559.2,818.375,3210.5,4725.7,117.7,467,707.775,2352.875,11025,18188.575,113.85,570,975.175
"689",4,3.5,"plus_mitigation",89,58482.425,235554.5,335451.3,99.55,400.5,601.1,884.175,3618,5233.4,131.95,526.5,794.25,2684.2,12387.5,20236.375,128.475,648.5,1097.1
"690",4,3.5,"plus_mitigation",90,66159.125,258176.5,359610.025,120.375,436,659.775,988.275,3914.5,5496.35,143.85,568.5,829.05,3014.875,13934,22546.025,141.425,730,1235.825
"691",4,3.5,"plus_mitigation",91,74835.525,281331.5,384008.25,139.85,485.5,677,1106.9,4296.5,5907.975,165.775,646,914.6,3398.075,15616.5,24878.9,157.425,823.5,1411.725
"692",4,3.5,"plus_mitigation",92,84445.1,305562.5,406246.15,155.95,525,719.675,1301.575,4637,6225.225,202.925,690,962.1,3843.25,17492.5,27528.575,179.425,947,1607.75
"693",4,3.5,"plus_mitigation",93,95131.425,330649.5,427111.3,164.175,562,773.1,1436.825,5024,6580.05,217.375,748.5,1043.775,4422.825,19542,30328.925,211.225,1079.5,1837.575
"694",4,3.5,"plus_mitigation",94,106535.45,354795,445648.875,192.175,608.5,812.2,1650.325,5417.5,6839.65,239.05,806.5,1068.35,5001.825,21736,33318.225,247.275,1214.5,2061.25
"695",4,3.5,"plus_mitigation",95,119884.65,378591,460845.825,201.55,659.5,851.825,1817.525,5760.5,7125.1,265.375,864.5,1134.5,5662.05,24153.5,36314.85,282.225,1370.5,2313.35
"696",4,3.5,"plus_mitigation",96,134013.825,401277.5,474248.275,232.4,706,874.525,2045.9,6112.5,7255.55,296.3,932.5,1157.3,6398.825,26759,39449.475,331.325,1542.5,2595.775
"697",4,3.5,"plus_mitigation",97,149539.15,421142,482888.75,253.95,745.5,921.4,2284,6430,7524.675,333.55,995,1216.1,7259.325,29471,42632.225,383.175,1720,2885.225
"698",4,3.5,"plus_mitigation",98,166085.9,441959,488725.6,301.125,797,907.1,2493.275,6803,7556,366.2,1059,1207.2,8242.325,32311.5,45776,434.275,1931.5,3220.775
"699",4,3.5,"plus_mitigation",99,185394.775,457799.5,491845.75,328.95,833.5,951.825,2832.175,6997,7686.3,408.325,1098,1255,9338.7,35380,48965.275,487.175,2170.5,3516.725
"700",4,3.5,"plus_mitigation",100,204563.25,472417,490257.25,340.8,842.5,952.05,3129.475,7235,7668,450.925,1140.5,1270.275,10558.05,38495,52037.55,553.375,2462.5,3880.65
"701",4,3.5,"plus_mitigation",101,225622.825,481731,491596.175,402.55,873.5,973.525,3442.975,7411,7696.75,508.2,1165,1275.25,11862.825,41654.5,54961.4,630.875,2740.5,4257.225
"702",4,3.5,"plus_mitigation",102,248504.675,480430,491237.8,401.825,896,972.525,3830.275,7453.5,7721.125,573,1182,1267.575,13335.625,44804.5,57759.275,703.85,3064.5,4669.5
"703",4,3.5,"plus_mitigation",103,270565.65,482727,491457.7,486.7,904.5,997.575,4176.35,7415.5,7743.2,609.875,1208,1283.525,14931.925,48206.5,60110.775,795.6,3392,5122.15
"704",4,3.5,"plus_mitigation",104,294853.7,480424.5,491221.55,501.35,917,985.575,4489.65,7441.5,7745.625,653.075,1202.5,1298.575,16757.45,51326.5,62300.325,895.2,3784.5,5554.75
"705",4,3.5,"plus_mitigation",105,319419.3,478154.5,490615.625,559.075,912.5,978.15,4865.525,7394.5,7669.2,749.225,1199.5,1297.775,18708.9,54316.5,64158.55,1018.75,4179,6010.925
"706",4,3.5,"plus_mitigation",106,343087.8,470775,491407.675,593.9,903.5,959.05,5272.4,7275,7699.725,827.15,1197.5,1280.1,20854.525,57043,65546.825,1158.225,4564.5,6486.1
"707",4,3.5,"plus_mitigation",107,367826.875,458856,491205.725,629.6,893.5,976,5688.55,7197,7747.1,891.525,1179.5,1277.05,23187.575,59610.5,66599.525,1311.325,4988.5,6988.675
"708",4,3.5,"plus_mitigation",108,359292.575,444688.5,489614.4,671.425,880,954.525,5561,6927.5,7694.625,938.95,1167,1283.5,25706.35,61871,66989.525,1471.275,5404.5,7450.25
"709",4,3.5,"plus_mitigation",109,338077.1,426747,489536.1,683.425,863,963.575,5212.75,6653.5,7589.25,915.375,1135,1263.05,28327.125,63785.5,67253.425,1648.3,5877,7913.725
"710",4,3.5,"plus_mitigation",110,314923.2,409184,489478.625,657.175,831,986.625,4894.925,6387,7646.925,877.95,1079.5,1269.525,31118.65,65306,67282.025,1858.3,6321.5,8287.725
"711",4,3.5,"plus_mitigation",111,291311.65,389515.5,488761.475,612.475,798.5,935.625,4607.175,6145.5,7627.6,816.275,1051.5,1261.05,34120.125,65801,67427.9,2080.65,6756.5,8646
"712",4,3.5,"plus_mitigation",112,268840.25,367137,485551.4,572.475,772.5,949.1,4163.175,5733,7611.9,731.9,1006.5,1250.2,37218.4,66049,67430.275,2323.2,7210.5,8999.65
"713",4,3.5,"plus_mitigation",113,246622.15,343852.5,479119.1,515.475,735.5,933.25,3847.65,5396.5,7427.4,701,950.5,1245,40397.75,65997,67304.4,2571.2,7692.5,9264.775
"714",4,3.5,"plus_mitigation",114,225269.775,320560.5,483668.675,457.625,675,924.725,3569.475,5076,7489.85,631.75,909,1238.2,43573.95,65773.5,67239.5,2862.025,8086,9475.35
"715",4,3.5,"plus_mitigation",115,205231.775,296621,484838.65,426.425,638.5,917.075,3204.025,4681.5,7483.55,592.175,829,1211.4,46672.7,65368.5,67099.6,3195.975,8455,9594.975
"716",4,3.5,"plus_mitigation",116,186661.375,273767.5,489039.175,407.425,579,912.5,2906.125,4292.5,7535.925,516.475,785,1232.2,49862.75,64256,67218.6,3548.05,8842.5,9718.4
"717",4,3.5,"plus_mitigation",117,169591.575,252271,486659.05,374.425,537.5,922.725,2686.725,3984,7561.2,487.425,731.5,1232,52396.325,62620.5,66994.175,3900.1,9138.5,9799.325
"718",4,3.5,"plus_mitigation",118,153038.5,230218.5,479370,331.55,503,924.15,2380.975,3641,7404.85,425.275,665,1229.5,50243.125,60675.5,67025.525,4315.775,9379.5,9803.975
"719",4,3.5,"plus_mitigation",119,138190.075,210041,468990.575,298.275,465,930.975,2172.95,3262,7203.875,393.075,611,1197.4,47357.725,58531,67156.55,4776.725,9465,9826.2
"720",4,3.5,"plus_mitigation",120,123911.175,190788.5,453743.025,264,417,889.425,1920.825,3003,7058.175,357.475,562,1182.75,44404.275,56695,66880.575,5259.925,9521.5,9836.575
"721",4,3.5,"plus_mitigation",121,111298.075,173434,438429.325,240.85,387.5,865.05,1744.8,2740.5,6765.075,323,510.5,1112.15,41378.225,54090,66983.575,5750.425,9524.5,9832.05
"722",4,3.5,"plus_mitigation",122,99870.95,156548.5,419619.6,223.475,352,856.075,1567.2,2429,6498.5,296.475,473,1089.025,38481.25,51283.5,66419.05,6241.2,9492,9802.75
"723",4,3.5,"plus_mitigation",123,89030.675,140745.5,399093.8,206.9,316,831.425,1398.85,2192.5,6162.475,269.8,409.5,1028.925,35664.425,48380,66139.475,6709.35,9407,9821.1
"724",4,3.5,"plus_mitigation",124,79642.025,126574.5,377158.85,182.85,283,764.975,1214.325,2017,5885.575,232,376.5,1021.825,32907.7,45352.5,66139.175,7204.05,9271.5,9774.65
"725",4,3.5,"plus_mitigation",125,71168.875,113926.5,353931.675,156,264.5,700.35,1125.275,1803,5538.125,214.375,350,992.2,30212.8,42406.5,66558.25,7502.125,9066.5,9792.25
"726",4,3.5,"plus_mitigation",126,63648.475,101752,330589,137.9,235,691.15,1008.5,1621,5225.55,185.375,302.5,902.625,27707.875,39401.5,66833.925,7113.375,8758,9797.025
"727",4,3.5,"plus_mitigation",127,56759.125,91150.5,307324.9,128.425,202,637.975,887.75,1434,4869.45,167.375,277.5,859.274999999999,25209.225,36385,66201.275,6667.6,8421.5,9787.875
"728",4,3.5,"plus_mitigation",128,50062.6,81635,284479.475,112.95,189,610.175,768.475,1287,4460.175,157,255,790.125,22926.15,33587.5,65093.4,6248.475,8184.5,9730.75
"729",4,3.5,"plus_mitigation",129,44592.05,72944.5,261906.05,96.95,173.5,549.2,687.425,1143.5,4145.625,121.95,225,719.5,20856.125,30913.5,63650.325,5780.55,7767.5,9744.825
"730",4,3.5,"plus_mitigation",130,39485.425,64750.5,239922.1,95.9,147.5,510,623.55,1032,3688.3,115.475,204.5,651.425,18885.225,28313.5,61866.925,5359.5,7285.5,9594.7
"731",4,3.5,"plus_mitigation",131,35138.675,57840,218840.775,83.425,135.5,492.05,538.95,925,3407.575,103.9,184,617.675,17044.125,25795.5,59899.65,4932.475,6852.5,9564.95
"732",4,3.5,"plus_mitigation",132,31288.425,51635.5,199637.375,66,123.5,421.825,493.425,816.5,3117.3,96,161,596.35,15371.35,23480.5,57654.75,4507,6429,9622.3
"733",4,3.5,"plus_mitigation",133,27980.725,45573,180936.375,57.375,107.5,389.65,440.275,728.5,2881.625,83.325,142,522.7,13873.25,21313,55156.375,4123.125,5963.5,9576.925
"734",4,3.5,"plus_mitigation",134,24553.975,40699,163919.5,53.7,99,365.625,385.425,641.5,2564.2,71.375,122.5,488.974999999999,12441.475,19331,52465.5,3759.825,5547,9591.95
"735",4,3.5,"plus_mitigation",135,21716.95,36249.5,148528.05,47.425,85.5,338.075,337.6,577.5,2283.2,61,111,418.975,11178.85,17516.5,49560.3,3440.875,5154,9580.3
"736",4,3.5,"plus_mitigation",136,19419.575,31884.5,133294.825,41.425,79.5,279.85,296.95,502,2055.125,55.425,104,383.775,10027.125,15831.5,46602.5,3140.95,4733.5,9382.125
"737",4,3.5,"plus_mitigation",137,17082.075,28356,119977.5,33.475,65.5,284.525,255.975,446.5,1904.45,43.475,84,348.15,8990.25,14243,43609.15,2850.025,4313.5,9157.05
"738",4,3.5,"plus_mitigation",138,15186.15,25255.5,107717.1,33.475,61,231.2,237.425,407,1659.875,44.95,80.5,318.45,8039.6,12782.5,40709.175,2541.5,3920,8913.575
"739",4,3.5,"plus_mitigation",139,13500.6,22289,96516.925,28.475,56.5,222.35,203.325,370,1478.55,35.475,71.5,281.525,7166.85,11458,37697.275,2306.9,3574.5,8563.025
"740",4,3.5,"plus_mitigation",140,11880.8,19945,86422.2,25.375,48,193.2,179.425,313.5,1340.825,35,61.5,242.075,6405.95,10244.5,34773.7,2084.725,3227.5,8225.7
"741",4,3.5,"plus_mitigation",141,10490.15,17455,77129.95,24.425,43,178.525,163.475,281.5,1227.625,32,55,235.775,5703.025,9197,31942.35,1881.075,2903,7799.4
"742",4,3.5,"plus_mitigation",142,9196.3,15444.5,68704.325,18.475,38.5,131.15,145.85,254,1051.95,21.425,49.5,200.825,5064.9,8192,29316.925,1683.325,2616.5,7415.15
"743",4,3.5,"plus_mitigation",143,8160.225,13763.5,61285.425,18,34,144.55,127.75,218.5,935.1,18.95,43,178.05,4510.55,7298,26852.1,1509.375,2334,6978.75
"744",4,3.5,"plus_mitigation",144,7253.675,12070,54702.15,14,29.5,118.45,109.95,191.5,871,20.475,38,166,4012.6,6520.5,24511.475,1338.85,2108.5,6567.15
"745",4,3.5,"plus_mitigation",145,6355.825,10835,48724.925,12.475,26,100.825,99.325,169.5,752.2,16,35,136.45,3584.475,5752,22306.375,1189,1892,6138.525
"746",4,3.5,"plus_mitigation",146,5624.9,9509.5,43047.5,11.475,22,93.1,82.475,154.5,650.1,13.475,30.5,126.025,3162.8,5157,20192.075,1057.7,1678,5678.475
"747",4,3.5,"plus_mitigation",147,4993.8,8444,38288.525,9,19.5,89.4499999999998,74.425,140.5,601.674999999999,14,27,110.575,2802.45,4621,18266.175,946.425,1515,5264.825
"748",4,3.5,"plus_mitigation",148,4462.475,7464.5,34242.75,8.475,20,72.3999999999999,64.325,119.5,536.7,12,23.5,112.3,2457.875,4134,16477.775,834.975,1368,4824.525
"749",4,3.5,"plus_mitigation",149,3861.025,6578,30525.825,7,16,69.575,61.475,101,458.35,8,21,82.625,2178.9,3644,14887.3,732.55,1229.5,4418.175
"750",4,3.5,"plus_mitigation",150,3398.65,5802,26609.9,6,14,59.8749999999999,52.475,99.5,393.95,9,20,76.7749999999999,1942.325,3244,13355,651.125,1097.5,4038.125
"751",4,3.5,"plus_mitigation",151,3094.75,5121,23728.275,6,13.5,50.625,39.475,86.5,374.825,6,18,78.525,1708,2874.5,12013.2,572.5,968.5,3706.1
"752",4,3.5,"plus_mitigation",152,2734.6,4544,20994.025,3,11,46,40,72.5,330.15,5.95,15,57,1511.8,2547.5,10796.125,507.8,869,3370.25
"753",4,3.5,"plus_mitigation",153,2394.975,4027.5,18693.7,2.475,11,43.575,35,64.5,304.425,4.475,13,57.625,1341.95,2265.5,9632.025,446.8,775.5,3011.675
"754",4,3.5,"plus_mitigation",154,2123.85,3534.5,16502.325,2,8,30.525,27.95,59.5,257.775,4.475,12,52,1198,1982,8570.35,396.95,679,2719.025
"755",4,3.5,"plus_mitigation",155,1834.975,3126,14570.05,1.475,8,33.575,25.475,52,223.525,4,10,40.7249999999999,1037.75,1760.5,7624.2,339.85,605.5,2430.875
"756",4,3.5,"plus_mitigation",156,1645.25,2721,12980.125,1,7,28.575,24.475,43,200.25,3,10,37.1499999999999,910.475,1540.5,6822.9,296.475,543,2190.15
"757",4,3.5,"plus_mitigation",157,1424.825,2431.5,11257.4,1,7,21,21.475,38,169.25,2.475,8,29.625,814.175,1356.5,6064.725,266.175,469,1974.925
"758",4,3.5,"plus_mitigation",158,1289.425,2159.5,10094.15,1,6,21.525,18.475,37,165.3,1,8,31,733.65,1216.5,5411.925,245.6,428.5,1762.325
"759",4,3.5,"plus_mitigation",159,1139.325,1939.5,9056.72499999999,0.475,5,23.525,13.475,29.5,138.7,2,6,28.7249999999999,636.9,1083,4827.525,212.8,376.5,1569.15
"760",4,3.5,"plus_mitigation",160,1003.875,1683.5,7941.2,1,5,15.525,10.95,27.5,123.825,1,5,26.525,565.175,958,4288.85,183.475,332,1404.725
"761",4,3.5,"plus_mitigation",161,880.375,1498.5,7032.875,0,4,14.525,12.475,26,101.725,1,5,21.525,498.475,859,3824.575,162.475,295.5,1275.05
"762",4,3.5,"plus_mitigation",162,783.9,1327.5,6296.6,0,3,14.05,8.475,20.5,91.6749999999999,0,4,14.05,428.425,762.5,3378.1,144,267,1118.175
"763",4,3.5,"plus_mitigation",163,698.475,1183,5430.95,0,3,10.525,7.475,19.5,81.1499999999999,1,4,14.1,379.95,663,3025.85,130,236.5,995.175
"764",4,3.5,"plus_mitigation",164,608.8,1038,4890.825,0,3,11,6.475,17.5,83.625,0,3.5,13,336.275,587.5,2690.3,117.9,211,895.75
"765",4,3.5,"plus_mitigation",165,529.425,918.5,4277.625,0,2,7,7,15,59.8749999999999,0,3,12,298.7,528.5,2394.3,101.9,189.5,795.15
"766",4,3.5,"plus_mitigation",166,477.65,813.5,3767.425,0,2,9.04999999999998,5,13,54.7749999999999,0,2,10.05,263.95,463.5,2113.65,87.95,161,724.475
"767",4,3.5,"plus_mitigation",167,424.75,727,3363.3,0,1.5,6.52499999999999,4,12,51.1,0,2,10.525,234.375,412.5,1874.25,79.9,141.5,650.975
"768",4,3.5,"plus_mitigation",168,371.425,647.5,2922.175,0,1,6.52499999999999,3,10.5,47.05,0,2,10.525,200.8,358,1656,69.475,124.5,575.1
"769",4,3.5,"plus_mitigation",169,332.425,564,2597.8,0,1,5.52499999999999,3,9,35.6749999999999,0,2,8.52499999999999,181,318.5,1469.55,61.475,111,502.124999999999
"770",4,3.5,"plus_mitigation",170,293.475,506.5,2284.1,0,1,6.04999999999998,3,8,35.625,0,2,7.04999999999998,158.475,281.5,1308.05,53.95,102.5,451.499999999999
"771",4,3.5,"plus_mitigation",171,251.95,450,2051.25,0,1,5,2,7,31,0,1,6,139.475,247.5,1151.275,46.425,89,405.2
"772",4,3.5,"plus_mitigation",172,213.9,388.5,1799.975,0,1,4,1,6,25.625,0,1,6,123.95,217,1015.25,43.425,76.5,355.924999999999
"773",4,3.5,"plus_mitigation",173,195.9,357,1581.05,0,1,4.52499999999999,1,5,21.6749999999999,0,1,5,108.475,192.5,891.775,36.475,68,321.2
"774",4,3.5,"plus_mitigation",174,167.475,319,1381.525,0,1,3,1,5,18.625,0,1,5,96,168.5,783.05,31.95,61.5,278.325
"775",4,3.5,"plus_mitigation",175,149.475,271,1221.2,0,0,3,1,4,21.1,0,1,5,86,151,688.525,28,52,239.85
"776",4,3.5,"plus_mitigation",176,139.75,239,1085.675,0,0,3,0,4,16.05,0,1,4,77.475,133,612.925,25.475,47,212.975
"777",4,3.5,"plus_mitigation",177,121,209,993.324999999999,0,0,3,0,3,14.575,0,0.5,4,66,117,530.5,21,40,184.2
"778",4,3.5,"plus_mitigation",178,97.425,188,871.2,0,0,3,0,3,15.05,0,0,4,58,104,471.725,19,36,165.675
"779",4,3.5,"plus_mitigation",179,91.475,164,728.45,0,0,2,0,3,11.05,0,1,3,50,91,413.575,16,32,142
"780",4,3.5,"plus_mitigation",180,78.95,152,653.25,0,0,2,0,2,9,0,0,3,43,82,360.625,14.475,29,122.3
"781",4,3.5,"plus_mitigation",181,70.95,128.5,564.2,0,0,3,0,2,11.1,0,0,3,38,73,307.625,12,25,101.875
"782",4,3.5,"plus_mitigation",182,62.95,113.5,483.05,0,0,2,0,2,9.52499999999999,0,0,2.52499999999999,32.9,67.5,278.2,10,23,87.2499999999999
"783",4,3.5,"plus_mitigation",183,54.375,104.5,458.675,0,0,1.52499999999999,0,2,7,0,0,2,29.95,58,255.175,9,20,83.1999999999999
"784",4,3.5,"plus_mitigation",184,48,91,404.35,0,0,2,0,1,5,0,0,1,27,51.5,225.8,8.475,18.5,74.575
"785",4,3.5,"plus_mitigation",185,41,79,335.25,0,0,1,0,1,5.52499999999999,0,0,2.52499999999999,23,46.5,198.4,6,16,68.525
"786",4,3.5,"plus_mitigation",186,34.475,71,308.4,0,0,1.52499999999999,0,1,5.52499999999999,0,0,2,20,42,183.375,6,14,63.1499999999999
"787",4,3.5,"plus_mitigation",187,31.475,62,316.125,0,0,1,0,1,4,0,0,1.52499999999999,18.475,38,168.85,5,12.5,56.1999999999999
"788",4,3.5,"plus_mitigation",188,28.475,52.5,243.599999999999,0,0,1,0,1,4.52499999999999,0,0,1,14.425,33,151.5,4,11,52.2999999999999
"789",4,3.5,"plus_mitigation",189,23.475,47,205.325,0,0,1,0,1,4.52499999999999,0,0,1.52499999999999,11,28.5,134.975,3,10.5,43.05
"790",4,3.5,"plus_mitigation",190,21,43.5,193.3,0,0,2,0,1,3,0,0,1,9.95,24,118.45,1.475,9,38.575
"791",4,3.5,"plus_mitigation",191,16.95,38,143.55,0,0,2,0,1,3,0,0,1,8.475,21.5,102.525,2,8,34.05
"792",4,3.5,"plus_mitigation",192,17.475,34.5,142.575,0,0,1.52499999999999,0,0,2.52499999999999,0,0,1,7,19,92.575,1.475,7,29.525
"793",4,3.5,"plus_mitigation",193,15.475,28,122.5,0,0,1,0,0,3.52499999999999,0,0,1,6.475,17,82.05,1,6,27.525
"794",4,3.5,"plus_mitigation",194,11.475,28,116.15,0,0,1,0,0,2,0,0,1,5.475,16,73.1999999999999,1,5,26.575
"795",4,3.5,"plus_mitigation",195,10.475,23,97.2999999999999,0,0,1,0,0,2,0,0,1,5.475,14,63.2499999999999,1,4.5,23.525
"796",4,3.5,"plus_mitigation",196,7.475,22,89.8249999999999,0,0,1,0,0,2,0,0,1,4,12,55.1999999999999,1,4,20.575
"797",4,3.5,"plus_mitigation",197,8,17,73.7749999999999,0,0,1,0,0,2,0,0,1,3,11,46.7249999999999,0,3.5,18.05
"798",4,3.5,"plus_mitigation",198,8,16,65.1499999999999,0,0,1,0,0,2.52499999999999,0,0,1,4,10,41.6749999999999,0,3,14.525
"799",4,3.5,"plus_mitigation",199,3,15,65.575,0,0,1,0,0,2,0,0,1,2.475,9,35.1999999999999,0,3,13.625
"800",4,3.5,"plus_mitigation",200,5.475,12,58.1,0,0,0.524999999999991,0,0,2,0,0,0.524999999999991,2,8,29.1499999999999,0,3,11.625
"801",4,3.5,"plus_mitigation",201,3,11.5,37.1499999999999,0,0,1,0,0,1,0,0,1,2,7,22,0,2,11.1
"802",4,3.5,"plus_mitigation",202,3.475,10,35.2499999999999,0,0,0,0,0,1,0,0,0,2,7,19.525,0,2,9.09999999999997
"803",4,3.5,"plus_mitigation",203,2,8,38.1999999999999,0,0,0,0,0,1,0,0,0.524999999999991,1,5,19,0,2,8.04999999999998
"804",4,3.5,"plus_mitigation",204,2,7.5,33.575,0,0,0,0,0,1,0,0,0,1,4,19,0,1,7.04999999999998
"805",4,3.5,"plus_mitigation",205,1,7,24.1,0,0,0,0,0,1,0,0,1,1,4,20.525,0,1,6.52499999999999
"806",4,3.5,"plus_mitigation",206,1,6,27.525,0,0,0,0,0,1,0,0,0,1,3,17.05,0,1,5
"807",4,3.5,"plus_mitigation",207,1,5.5,20.1,0,0,0,0,0,1,0,0,0,0.475,3,14.05,0,1,4.52499999999999
"808",4,3.5,"plus_mitigation",208,0,5,16.05,0,0,0,0,0,1,0,0,0.524999999999991,0,2.5,12,0,1,4
"809",4,3.5,"plus_mitigation",209,0.475,4,17.625,0,0,0,0,0,1,0,0,0,0,2,11.05,0,1,3.52499999999999
"810",4,3.5,"plus_mitigation",210,0,3,17.575,0,0,0,0,0,1,0,0,0,0,2,9.52499999999999,0,1,3
"811",4,3.5,"plus_mitigation",211,0,3.5,14.1,0,0,0,0,0,1,0,0,0,0,2,8.52499999999999,0,0,2.52499999999999
"812",4,3.5,"plus_mitigation",212,0,3,8.52499999999999,0,0,0,0,0,1,0,0,0,0,2,8,0,0,3.52499999999999
"813",4,3.5,"plus_mitigation",213,0,3,9,0,0,0,0,0,1,0,0,0.524999999999991,0,1,7,0,0,3.52499999999999
"814",4,3.5,"plus_mitigation",214,0,2,10.05,0,0,0,0,0,0.524999999999991,0,0,0,0,1,6.52499999999999,0,0,3.52499999999999
"815",4,3.5,"plus_mitigation",215,0,2,8.52499999999999,0,0,0,0,0,0,0,0,0,0,1,5.52499999999999,0,0,2.52499999999999
"816",4,3.5,"plus_mitigation",216,0,2,9,0,0,0,0,0,1,0,0,0,0,1,5.52499999999999,0,0,2.52499999999999
"817",4,3.5,"plus_mitigation",217,0,2,5.52499999999999,0,0,0,0,0,0.524999999999991,0,0,0,0,1,5.52499999999999,0,0,2
"818",4,3.5,"plus_mitigation",218,0,1,5,0,0,0,0,0,0,0,0,0,0,1,4.52499999999999,0,0,2.52499999999999
"819",4,3.5,"plus_mitigation",219,0,1,5,0,0,0,0,0,0,0,0,0,0,1,4,0,0,2
"820",4,3.5,"plus_mitigation",220,0,1,5.04999999999998,0,0,0,0,0,0,0,0,0,0,0,3,0,0,1.52499999999999
"821",4,3.5,"plus_mitigation",221,0,1,4.52499999999999,0,0,0,0,0,0,0,0,0,0,0,3,0,0,1
"822",4,3.5,"plus_mitigation",222,0,1,4,0,0,0,0,0,0,0,0,0,0,0,3,0,0,1
"823",4,3.5,"plus_mitigation",223,0,1,4.52499999999999,0,0,0,0,0,0,0,0,0,0,0,2,0,0,1
"824",4,3.5,"plus_mitigation",224,0,0,3.52499999999999,0,0,0,0,0,0.524999999999991,0,0,0,0,0,2,0,0,1
"825",4,3.5,"plus_mitigation",225,0,0,3.52499999999999,0,0,0,0,0,0.524999999999991,0,0,0,0,0,2,0,0,1.52499999999999
"826",4,3.5,"plus_mitigation",226,0,0,3,0,0,0,0,0,0,0,0,0,0,0,2,0,0,1
"827",4,3.5,"plus_mitigation",227,0,0,3,0,0,0,0,0,0,0,0,0,0,0,2,0,0,1
"828",4,3.5,"plus_mitigation",228,0,0,3,0,0,0,0,0,0,0,0,0,0,0,2,0,0,1
"829",4,3.5,"plus_mitigation",229,0,0,2,0,0,0,0,0,0,0,0,0,0,0,1.52499999999999,0,0,1
"830",4,3.5,"plus_mitigation",230,0,0,2,0,0,0,0,0,0,0,0,0,0,0,2,0,0,1
"831",4,3.5,"plus_mitigation",231,0,0,2.52499999999999,0,0,0,0,0,0,0,0,0,0,0,2,0,0,1
"832",4,3.5,"plus_mitigation",232,0,0,2.52499999999999,0,0,0,0,0,0,0,0,0,0,0,2,0,0,1
"833",4,3.5,"plus_mitigation",233,0,0,2,0,0,0,0,0,0,0,0,0,0,0,2,0,0,1
"834",4,3.5,"plus_mitigation",234,0,0,2,0,0,0,0,0,0,0,0,0,0,0,1,0,0,1
"835",4,3.5,"plus_mitigation",235,0,0,1,0,0,0,0,0,0,0,0,0,0,0,1,0,0,1
"836",4,3.5,"plus_mitigation",236,0,0,2,0,0,0,0,0,0,0,0,0,0,0,1,0,0,1
"837",4,3.5,"plus_mitigation",237,0,0,1,0,0,0,0,0,0,0,0,0,0,0,1,0,0,0.524999999999991
"838",4,3.5,"plus_mitigation",238,0,0,1,0,0,0,0,0,0,0,0,0,0,0,1,0,0,1
"839",4,3.5,"plus_mitigation",239,0,0,1,0,0,0,0,0,0,0,0,0,0,0,1,0,0,1
"840",4,3.5,"plus_mitigation",240,0,0,1,0,0,0,0,0,0,0,0,0,0,0,1,0,0,1
"841",4,3.5,"plus_mitigation",241,0,0,1,0,0,0,0,0,0,0,0,0,0,0,1,0,0,0.524999999999991
"842",4,3.5,"plus_mitigation",242,0,0,1,0,0,0,0,0,0,0,0,0,0,0,1,0,0,0.524999999999991
"843",4,3.5,"plus_mitigation",243,0,0,1,0,0,0,0,0,0,0,0,0,0,0,1,0,0,0.524999999999991
"844",4,3.5,"plus_mitigation",244,0,0,1,0,0,0,0,0,0,0,0,0,0,0,1,0,0,0
"845",4,3.5,"plus_mitigation",245,0,0,1,0,0,0,0,0,0,0,0,0,0,0,1,0,0,0
"846",4,3.5,"plus_mitigation",246,0,0,0.524999999999991,0,0,0,0,0,0,0,0,0,0,0,0.524999999999991,0,0,0
"847",4,3.5,"plus_mitigation",247,0,0,0,0,0,0,0,0,0,0,0,0,0,0,0.524999999999991,0,0,0
"848",4,3.5,"plus_mitigation",248,0,0,1,0,0,0,0,0,0,0,0,0,0,0,0,0,0,0
"849",4,3.5,"plus_mitigation",249,0,0,0,0,0,0,0,0,0,0,0,0,0,0,0,0,0,0
"850",4,3.5,"plus_mitigation",250,0,0,0.524999999999991,0,0,0,0,0,0,0,0,0,0,0,0,0,0,0
"851",4,3.5,"plus_mitigation",251,0,0,0,0,0,0,0,0,0,0,0,0,0,0,0,0,0,0
"852",4,3.5,"plus_mitigation",252,0,0,0,0,0,0,0,0,0,0,0,0,0,0,0,0,0,0
"853",4,3.5,"plus_mitigation",253,0,0,0,0,0,0,0,0,0,0,0,0,0,0,0,0,0,0
"854",4,3.5,"plus_mitigation",254,0,0,1,0,0,0,0,0,0,0,0,0,0,0,0,0,0,0
"855",4,3.5,"plus_mitigation",255,0,0,0.524999999999991,0,0,0,0,0,0,0,0,0,0,0,0,0,0,0
"856",4,3.5,"plus_mitigation",256,0,0,0,0,0,0,0,0,0,0,0,0,0,0,0,0,0,0
"857",4,3.5,"plus_mitigation",257,0,0,0,0,0,0,0,0,0,0,0,0,0,0,0,0,0,0
"858",4,3.5,"plus_mitigation",258,0,0,0,0,0,0,0,0,0,0,0,0,0,0,0,0,0,0
"859",4,3.5,"plus_mitigation",259,0,0,0,0,0,0,0,0,0,0,0,0,0,0,0,0,0,0
"860",4,3.5,"plus_mitigation",260,0,0,0,0,0,0,0,0,0,0,0,0,0,0,0,0,0,0
"861",4,3.5,"plus_mitigation",261,0,0,0,0,0,0,0,0,0,0,0,0,0,0,0,0,0,0
"862",4,3.5,"plus_mitigation",262,0,0,0,0,0,0,0,0,0,0,0,0,0,0,0,0,0,0
"863",4,3.5,"plus_mitigation",263,0,0,0,0,0,0,0,0,0,0,0,0,0,0,0,0,0,0
"864",4,3.5,"plus_mitigation",264,0,0,0,0,0,0,0,0,0,0,0,0,0,0,0,0,0,0
"865",4,3.5,"plus_mitigation",265,0,0,0,0,0,0,0,0,0,0,0,0,0,0,0,0,0,0
"866",4,3.5,"plus_mitigation",266,0,0,0,0,0,0,0,0,0,0,0,0,0,0,0,0,0,0
"867",4,3.5,"plus_mitigation",267,0,0,0,0,0,0,0,0,0,0,0,0,0,0,0,0,0,0
"868",4,3.5,"plus_mitigation",268,0,0,0,0,0,0,0,0,0,0,0,0,0,0,0,0,0,0
"869",4,3.5,"plus_mitigation",269,0,0,0,0,0,0,0,0,0,0,0,0,0,0,0,0,0,0
"870",4,3.5,"plus_mitigation",270,0,0,0,0,0,0,0,0,0,0,0,0,0,0,0,0,0,0
"871",4,3.5,"plus_mitigation",271,0,0,0,0,0,0,0,0,0,0,0,0,0,0,0,0,0,0
"872",4,3.5,"plus_mitigation",272,0,0,0,0,0,0,0,0,0,0,0,0,0,0,0,0,0,0
"873",4,3.5,"plus_mitigation",273,0,0,0,0,0,0,0,0,0,0,0,0,0,0,0,0,0,0
"874",4,3.5,"plus_mitigation",274,0,0,0,0,0,0,0,0,0,0,0,0,0,0,0,0,0,0
"875",4,3.5,"plus_mitigation",275,0,0,0,0,0,0,0,0,0,0,0,0,0,0,0,0,0,0
"876",4,3.5,"plus_mitigation",276,0,0,0,0,0,0,0,0,0,0,0,0,0,0,0,0,0,0
"877",4,3.5,"plus_mitigation",277,0,0,0,0,0,0,0,0,0,0,0,0,0,0,0,0,0,0
"878",4,3.5,"plus_mitigation",278,0,0,0,0,0,0,0,0,0,0,0,0,0,0,0,0,0,0
"879",4,3.5,"plus_mitigation",279,0,0,0,0,0,0,0,0,0,0,0,0,0,0,0,0,0,0
"880",4,3.5,"plus_mitigation",280,0,0,0,0,0,0,0,0,0,0,0,0,0,0,0,0,0,0
"881",4,3.5,"plus_mitigation",281,0,0,0,0,0,0,0,0,0,0,0,0,0,0,0,0,0,0
"882",4,3.5,"plus_mitigation",282,0,0,0,0,0,0,0,0,0,0,0,0,0,0,0,0,0,0
"883",4,3.5,"plus_mitigation",283,0,0,0,0,0,0,0,0,0,0,0,0,0,0,0,0,0,0
"884",4,3.5,"plus_mitigation",284,0,0,0,0,0,0,0,0,0,0,0,0,0,0,0,0,0,0
"885",4,3.5,"plus_mitigation",285,0,0,0,0,0,0,0,0,0,0,0,0,0,0,0,0,0,0
"886",4,3.5,"plus_mitigation",286,0,0,0,0,0,0,0,0,0,0,0,0,0,0,0,0,0,0
"887",4,3.5,"plus_mitigation",287,0,0,0,0,0,0,0,0,0,0,0,0,0,0,0,0,0,0
"888",4,3.5,"plus_mitigation",288,0,0,0,0,0,0,0,0,0,0,0,0,0,0,0,0,0,0
"889",4,3.5,"plus_mitigation",289,0,0,0,0,0,0,0,0,0,0,0,0,0,0,0,0,0,0
"890",4,3.5,"plus_mitigation",290,0,0,0,0,0,0,0,0,0,0,0,0,0,0,0,0,0,0
"891",4,3.5,"plus_mitigation",291,0,0,0,0,0,0,0,0,0,0,0,0,0,0,0,0,0,0
"892",4,3.5,"plus_mitigation",292,0,0,0,0,0,0,0,0,0,0,0,0,0,0,0,0,0,0
"893",4,3.5,"plus_mitigation",293,0,0,0,0,0,0,0,0,0,0,0,0,0,0,0,0,0,0
"894",4,3.5,"plus_mitigation",294,0,0,0,0,0,0,0,0,0,0,0,0,0,0,0,0,0,0
"895",4,3.5,"plus_mitigation",295,0,0,0,0,0,0,0,0,0,0,0,0,0,0,0,0,0,0
"896",4,3.5,"plus_mitigation",296,0,0,0,0,0,0,0,0,0,0,0,0,0,0,0,0,0,0
"897",4,3.5,"plus_mitigation",297,0,0,0,0,0,0,0,0,0,0,0,0,0,0,0,0,0,0
"898",4,3.5,"plus_mitigation",298,0,0,0,0,0,0,0,0,0,0,0,0,0,0,0,0,0,0
"899",4,3.5,"plus_mitigation",299,0,0,0,0,0,0,0,0,0,0,0,0,0,0,0,0,0,0
"900",4,3.5,"plus_mitigation",300,0,0,0,0,0,0,0,0,0,0,0,0,0,0,0,0,0,0
